WKT,Dependencia,Organismo,Nombre,Dirección,Partido,Teléfono,Representa
"POINT (-60.25519436 -34.29463675)",Comisaría,Ministerio de Seguridad,EST.POL.COM.SALTO,ALVEAR 44,Salto,02474-422474 / 422100,COMISARIO PAHUASI JUSTO GERMAN
"POINT (-58.0365926 -34.90889071)",Comisaría,Ministerio de Seguridad,SUBCRIA.GORINA,140 BIS ENTRE 492 Y 501,La Plata,2214848037,
"POINT (-58.31540785 -35.51653727)",Comisaría,Ministerio de Seguridad,CRIA.MUJER Y FLIA.GRAL.PAZ,CAMPOMAR 2944,General Paz,,SUBCOMISARIO ALVAREZ NATALIA MARIA
"POINT (-58.69220602 -38.56144269)",Comisaría,Ministerio de Seguridad,SUBCRIA.J.N.FERNANDEZ,26 1759,Necochea,2264498204,SUBCOMISARIO REYNOSO LUCAS IVAN
"POINT (-60.47922691 -34.64945031)",Comisaría,Ministerio de Seguridad,,9 DE JULIO 646,Chacabuco,2352491513,
"POINT (-61.54734916 -34.5001564)",Comisaría,Ministerio de Seguridad,SUBCRIA.L.N.ALEM,LAS HERAS 446,Leandro N. Alem,2364491022,SUBCOMISARIO MONTIEL DIEGO MIGUEL
"POINT (-56.92844432 -37.15773946)",Comisaría,Ministerio de Seguridad,EST.POL.COM.PINAMAR 4TA-CARILO,RUTA 11 Y KM 403,Pinamar,02254-470537/491213,COMISARIO MORENO MIGUEL ALFREDO
"POINT (-56.98813108 -37.25743672)",Comisaría,Ministerio de Seguridad,EST.POL.COM.VILLA GESELL 4TA,112 Y CIRCUNVALACION,Villa Gesell,2255452780,SUBCOMISARIO FERREYRA ROBERTO HECTOR
"POINT (-57.543168 -38.027136)",Comisaría,Ministerio de Seguridad,CRIA.MAR DEL PLATA 9NA,ALMAFUERTE 757 - GENERAL PUEYRREDON,General Pueyrredón,0223-4513447/ 9571,COMISARIO RUIZ GUSTAVO VICENTE
"POINT (-57.54888 -38.011996)",Comisaría,Ministerio de Seguridad,CRIA.MAR DEL PLATA 2DA,CASTELLI 2024 - GENERAL PUEYRREDON,General Pueyrredón,0223-4949851/4949861,SUBCOMISARIO MORAN CARLOS ARIEL
"POINT (-57.551897 -38.040437)",Comisaría,Ministerio de Seguridad,CRIA.MAR DEL PLATA 3RA,PADRE DUTTO 535 - GENERAL PUEYRREDON,General Pueyrredón,0223-4802620/2722,
"POINT (-57.679857 -36.313232)",Comisaría,Ministerio de Seguridad,CRIA.DOLORES,QUADRI Y ALBERDI,Dolores,02245-446213,COMISARIO MONTENEGRO RODOLFO AGUSTIN
"POINT (-57.83750965 -38.27237908)",Comisaría,Ministerio de Seguridad,EST.POL.COM.MIRAMAR,MITRE N° 1137,General Alvarado,2291420613/02291421548,SUBCOMISARIO CABALLERO ANDRES HUGO
"POINT (-57.885628 -34.865795)",Comisaría,Ministerio de Seguridad,CRIA.BERISSO 1RA,168 E/ 8 Y CORRALON MUNICIPAL,Berisso,0221-4640005/06,COMISARIO INSPECTOR ARISTIMUÑO VICTOR JOSE
"POINT (-57.95373 -34.940075)",Comisaría,Ministerio de Seguridad,CRIA.LA PLATA 5TA,DIAG. 74 E/ 24 Y 23,La Plata,0221-4577122/21,COMISARIO CORDOBA CARLOS ALBERTO
"POINT (-57.971453 -34.950697)",Comisaría,Ministerio de Seguridad,CRIA.LA PLATA 3RA,137 E/ 61 Y 62,La Plata,0221-4507890/ 4560934,
"POINT (-58.010395 -34.882484)",Comisaría,Ministerio de Seguridad,CRIA.LA PLATA 13RA,502 E/ 14 Y 15,La Plata,0221-4713500/5434/4847147,SUBCOMISARIO GORBARAN JUAN MANUEL
"POINT (-58.054677 -34.95027)",Comisaría,Ministerio de Seguridad,CRIA.LA PLATA 14TA,173 E/ 517 BIS Y 517,La Plata,0221-478-1684/ 1154,SUBCOMISARIO LLONTOP FENCO HEBERT JHONY
"POINT (-58.08774 -34.857187)",Comisaría,Ministerio de Seguridad,CRIA.LA PLATA 12DA,12 E/ 48 Y 49,La Plata,0221-4731328/1599/0075,
"POINT (-58.188844 -34.868592)",Comisaría,Ministerio de Seguridad,CRIA.FLORENCIO VARELA 6TA,AV LA CALORINA E/ HUANACACHE Y MENDOZA,Florencio Varela,02229491999/496310,COMISARIO SKRAMOWSKYJ EDUARDO OSCAR
"POINT (-58.308156 -34.778595)",Comisaría,Ministerio de Seguridad,CRIA.QUILMES 4TA,845 NRO. 2235,Quilmes,011-42120105/0333/2273,COMISARIO INSPECTOR ABALOS GABRIEL ALEJANDRO
"POINT (-58.359342 -34.771786)",Comisaría,Ministerio de Seguridad,CRIA.ALMIRANTE BROWN 3RA,30 DE SEPTIEMBRE NRO. 4254,Almirante Brown,1142912221,SUBCOMISARIO CACIOLI CESAR OMAR
"POINT (-58.381969 -34.79827)",Comisaría,Ministerio de Seguridad,CRIA.ALMIRANTE BROWN 1RA,"DIAG. TOLL, JUAN E/ BOUCHARD Y DRUMOND",Almirante Brown,1142943333,COMISARIO ZUCCOTTI MARTIN OSCAR
"POINT (-58.422851 -34.735117)",Comisaría,Ministerio de Seguridad,CRIA.LOMAS DE ZAMORA 7MA,"BILBAO LA VIEJA E/ PERITO MORENO Y ACERBONI, ANA",Lomas de Zamora,01142428600/42423840,SUBCOMISARIO GODOY LUIS ALBERTO
"POINT (-58.491802 -34.509002)",Comisaría,Ministerio de Seguridad,CRIA.VICENTE LOPEZ 1RA,"AV. MAIPU E/ PELLIZA, M. Y SAENZ PENA, R.",Vicente López,1145139797/1145139815/1145139816,SUBCOMISARIO MENDEZ JUAN MANUEL
"POINT (-58.521509 -34.664429)",Comisaría,Ministerio de Seguridad,CRIA.LA MATANZA NORESTE 2DA,QUINTANA E/ TAPALQUE Y OLAGUER,La Matanza,4652-3344/3443,COMISARIO URUS ROBERTO SILVIO
"POINT (-58.523142 -34.528346)",Comisaría,Ministerio de Seguridad,CRIA.VICENTE LOPEZ 3RA,"ARMENIA E/ RUBEN DARIO Y HERNANDEZ, JOSE",Vicente López,1145125553/1145125544,COMISARIO MILAN ALBERTO ALEJANDRO
"POINT (-58.53423 -34.479695)",Comisaría,Ministerio de Seguridad,CRIA.SAN ISIDRO 7MA,"PALMA, DIEGO E/ BILLINGHURTS Y BERGALLO",San Isidro,1145130045/44/46,
"POINT (-58.558066 -34.618782)",Comisaría,Ministerio de Seguridad,CRIA.TRES DE FEBRERO 4TA,L. DE LA TORRE E/ TRENQUE LAUQUEN Y FLEMING,Tres de Febrero,01145127977/79/95/96,COMISARIO OSSIMELLI EDGARDO CRISTIAN
"POINT (-58.579342 -34.423394)",Comisaría,Ministerio de Seguridad,CRIA.TIGRE 1RA,BOURDIEU NRO. 485,Tigre,1145805222/5442/5941,COMISARIO HERNANDEZ CEFERINO SAUL
"POINT (-58.602483 -34.679914)",Comisaría,Ministerio de Seguridad,CRIA.LA MATANZA NOROESTE 4TA,CARABOBO NRO. 22,La Matanza,4669-0920/0919,COMISARIO LIENDRO HECTOR DANIEL
"POINT (-58.62259039 -34.56580491)",Comisaría,Ministerio de Seguridad,CRIA.TRES DE FEBRERO 11RA,TOLEDO N° 2105,Tres de Febrero,01147398709/43,COMISARIO AGUILAR ROLANDO CARLOS
"POINT (-58.687929 -34.498511)",Comisaría,Ministerio de Seguridad,CRIA.MALVINAS ARGENTINAS 2DA,PERITO MORENO E/ DON BOSCO Y TRES ARROYOS,Malvinas Argentinas,01146603210/0053/011-46633836/44560198,COMISARIO LEMMA JAVIER ADRIAN
"POINT (-58.699565 -34.749305)",Comisaría,Ministerio de Seguridad,CRIA.MERLO 5TA,BOSTON Y SAN PABLO,Merlo,0220-4920222/4922870,COMISARIO AULETTA GUSTAVO FABIAN
"POINT (-58.709066 -38.556088)",Comisaría,Ministerio de Seguridad,CRIA.NECOCHEA 2DA,527 Nº 2448,Necochea,0226254008/452508,COMISARIO MAINERI OSCAR ALMIR
"POINT (-58.731644 -38.579929)",Comisaría,Ministerio de Seguridad,CRIA.NECOCHEA 3RA,8 Nº 4157,Necochea,02262425413/421725,COMISARIO URRESTARAZU TANGORRA MARTIN
"POINT (-58.736853 -34.491726)",Comisaría,Ministerio de Seguridad,CRIA.MALVINAS ARGENTINAS 1RA,SAN MARTIN 534,Malvinas Argentinas,02320480171/1769/5600,COMISARIO ALVAREZ CLAUDIO NORBERTO
"POINT (-58.740871 -38.555639)",Comisaría,Ministerio de Seguridad,CRIA.NECOCHEA 1RA,58 N  3068,Necochea,02262425473/422039,SUBCOMISARIO JUAN CARLOS ALBERTO
"POINT (-58.787934 -34.648264)",Comisaría,Ministerio de Seguridad,CRIA.MORENO 1RA,BELGRANO NRO. 336,Moreno,023746203338/4665462,COMISARIO TORRES LINDOLFO GUSTAVO
"POINT (-58.790159 -34.72156)",Comisaría,Ministerio de Seguridad,CRIA.MERLO 6TA,"BALBIN, RICARDO (R.200 KM 40) E/ VARELA Y TAGLE",Merlo,0220-4996777/4894061,COMISARIO GUIDO ALEJANDRO HERNAN
"POINT (-58.82832777 -34.38254815)",Comisaría,Ministerio de Seguridad,SUBCRIA.MATHEU,CANESI 245,Escobar,3484461311/03488-460827,OFICIAL PRINCIPAL GELVES RAUL MAXIMILIANO
"POINT (-58.91290645 -34.45572112)",Comisaría,Ministerio de Seguridad,CRIA.PILAR 1RA,TUCUMAN 575,Pilar,2304430130/30041,COMISARIO BARICALLA SERGIO MARCELO
"POINT (-58.923219 -34.622399)",Comisaría,Ministerio de Seguridad,CRIA.GRAL.RODRIGUEZ 2DA,CABRAL Y ALMAFUERTE,General Rodríguez,02374841521/3301/3302,COMISARIO LASERNA WALTER CRISTIAN
"POINT (-59.10340884 -34.29014122)",Comisaría,Ministerio de Seguridad,EST.POL.COM.CAPILLA DEL SEÑOR,FAHY 475,Exaltación de la Cruz,02323491333/491929,SUBCOMISARIO OJUEZ FERNANDO OSCAR
"POINT (-60.015311 -36.022679)",Comisaría,Ministerio de Seguridad,EST.POL.COM.GRAL.ALVEAR,SAN MARTIN 935,General Alvear,2344481500/2344481501,COMISARIO IGUERATEGUI CARLOS RAFAEL
"POINT (-60.09389888 -33.77137936)",Comisaría,Ministerio de Seguridad,SUBCRIA.PEREZ MILLAN,MANFREDI E/ FUNDADORES Y MORENO,Ramallo,3329492032,SUBCOMISARIO ALMEIDA MAXIMILIANO HUGO
"POINT (-60.2773615 -38.37653974)",Comisaría,Ministerio de Seguridad,EST.POL.COM.TRES ARROYOS 1RA,PRINGLES 66,Tres Arroyos,2983423333,
"POINT (-60.31334006 -36.91582113)",Comisaría,Ministerio de Seguridad,SUBCRIA.LOMA NEGRA,FORTABAT N° 1593,Olavarría,2284495330,
"POINT (-60.46495008 -34.64236865)",Comisaría,Ministerio de Seguridad,EST.POL.COM.CHACABUCO,SAN JUAN 25,Chacabuco,2352431120/2352431166/2352428629,SUBCOMISARIO ABELEYRA PABLO JAVIER
"POINT (-61.36633133 -35.62281837)",Comisaría,Ministerio de Seguridad,CRIA.CARLOS CASARES,SAN MARTIN 328,Carlos Casares,02395-452428/454522,COMISARIO NOBLE CLAUDIO DARIO
"POINT (-62.26319961 -38.75826334)",Comisaría,Ministerio de Seguridad,CRIA.BAHIA BLANCA 6TA.,LIBERTAD 2212 (EX SUBCRIA VILLA ROSAS),Bahía Blanca,0291 455-3011,SUBCOMISARIO CEMINO PABLO NESTOR
"POINT (-62.41332667 -37.01713234)",Comisaría,Ministerio de Seguridad,EST.POL.COM.GUAMINI 2DA,SAN MARTIN 145,Guaminí,2929480616/2929480667/2929480013/2929480512,COMISARIO HERRERO GERMAN DAVID
"POINT (-56.67943002 -36.69472696)",Comisaría,Ministerio de Seguridad,CRIA.DE LA COSTA 4TA,ESQUI 450 ,La Costa,02257-460200,COMISARIO LEYES RICARDO RUBEN
"POINT (-56.681043 -36.721324)",Comisaría,Ministerio de Seguridad,CRIA.DE LA COSTA 2DA,LIBERTADOR 609,La Costa,02257-420013/ 73,COMISARIO SALA RUBEN HORACIO
"POINT (-56.68775415 -36.76381227)",Comisaría,Ministerio de Seguridad,SUBCRIA.NUEVA ATLANTIS,ROLDAN Y DIAG AYACUCHO,La Costa,0225-7451022,SUBCOMISARIO AGUILERA RODRIGUEZ JAVIER A.
"POINT (-56.69146915 -36.54417997)",Comisaría,Ministerio de Seguridad,CRIA.DE LA COSTA 1RA,41 Y 3 ,La Costa,02246-420227/422925,COMISARIO HEREDIA SANDRO JULIO E.
"POINT (-56.6916428 -36.4881915)",Comisaría,Ministerio de Seguridad,CRIA.D.L.COSTA 6TA LAS TONINAS,CALLE 1 E/ CALLE 24 Y CALLE 26,La Costa,2246431868,SUBCOMISARIO HARISGARAT JORGE GASTON
"POINT (-56.69237049 -36.57637967)",Comisaría,Ministerio de Seguridad,CRIA.DE LA COSTA 5TA,74 ENTRE 3 Y 4  ,La Costa,02246-434600,COMISARIO MARTINEZ DIEGO MARIANO
"POINT (-56.70006218 -36.60555646)",Comisaría,Ministerio de Seguridad,SUBCRIA.COSTA DEL ESTE,2 Y LOS ALELIES,La Costa,2246434303,COMISARIO BISIGNANO OMAR ESTEBAN
"POINT (-56.726489 -36.358502)",Comisaría,Ministerio de Seguridad,CRIA.DE LA COSTA 3RA,AVE SAN MARTIN NRO 581,La Costa,02252-421815 / 013,COMISARIO FACIO ESTEBAN GERMAN
"POINT (-56.73363033 -36.69335365)",Comisaría,Ministerio de Seguridad,EST.POL.COM.PAVON,CUARTEL IV,General Lavalle,2257457090/02257-429055,SUBCOMISARIO DATTOMA VICTOR EDUARDO
"POINT (-56.871358 -37.111503)",Comisaría,Ministerio de Seguridad,EST.POL.COM.PINAMAR,JUPITER Y AVE ARQ JORGE BUNGE,Pinamar,02254-491204/08/01/02,COMISARIO ROBLES GERARDO OSCAR
"POINT (-56.88621011 -37.14756205)",Comisaría,Ministerio de Seguridad,EST.POL.COM.PINAMAR 3RA-V.MAR,CORBETA JULIETA Y BATHURS,Pinamar,,COMISARIO ACOSTA MARCELO JAVIER
"POINT (-56.89678056 -37.12988524)",Comisaría,Ministerio de Seguridad,EST.POL.COM.PINAMAR 2DA,ANSPACH Y AYACUCHO,Pinamar,2254491226/2254491224,COMISARIO GOMEZ LUIS ALEJANDRO
"POINT (-56.93865386 -36.40804399)",Comisaría,Ministerio de Seguridad,,MITRE 986,General Lavalle,2252491099/2252491234,
"POINT (-56.970797 -37.254746)",Comisaría,Ministerio de Seguridad,EST.POL.COM.VILLA GESELL 1RA,PASEO 105 E/ 4 Y 5,Villa Gesell,02255-462203/463555,COMISARIO MORALES MARCELO GABRIEL
"POINT (-56.994915 -37.286438)",Comisaría,Ministerio de Seguridad,EST.POL.COM.VILLA GESELL 2DA,PASEO 141 E/ 3 Y 4,Villa Gesell,02255-472203/470381,SUBCOMISARIO MONTOYA EZEQUIEL LUIS RAMON
"POINT (-57.02987344 -37.31717611)",Comisaría,Ministerio de Seguridad,EST.POL.COM.VILLA GESELL 3RA,HOUSSAY Y DEL PLATA,Villa Gesell,2255468901,
"POINT (-57.133804 -36.99478)",Comisaría,Ministerio de Seguridad,EST.POL.COM.GRAL.MADARIAGA,IRIGOYEN 528,General Madariaga,02267421204/4313,
"POINT (-57.343012 -35.38708)",Comisaría,Ministerio de Seguridad,EST.POL.COM.PUNTA INDIO,34 Y 23,Punta Indio,2221481366/2221481777/2221480440,SUBCOMISARIO ERCEG GUSTAVO ANTONIO
"POINT (-57.50827747 -37.8466987)",Comisaría,Ministerio de Seguridad,EST.POL.COM.SANTA CLARA DEL M.,ACAPULCO N° 5 Y DEL ARROYO,Mar Chiquita,2234693602/2234602386,COMISARIO CORBELA PAULO ANIBAL
"POINT (-57.51744 -35.081333)",Comisaría,Ministerio de Seguridad,EST.POL.COM.MAGDALENA,YRIGOYEN 1001,Magdalena,02221-452413/452473,SUBCOMISARIO IBARRA MARCELO EZEQUIEL
"POINT (-57.529982 -37.928395)",Comisaría,Ministerio de Seguridad,CRIA.MAR DEL PLATA 15TA,RUTA 11 KM22- GENERAL PUEYRREDON,General Pueyrredón,0223-4715225/ 5226,COMISARIO BELFIORE MIGUEL ANGEL
"POINT (-57.54166 -38.006499)",Comisaría,Ministerio de Seguridad,SUBCRIA.CASINO,BVAR MARITIMO Y LAS HERAS,General Pueyrredón,2234920027,SUBCOMISARIO GARCIA HUGO ESTEBAN NAZARENO
"POINT (-57.552052 -38.062069)",Comisaría,Ministerio de Seguridad,CRIA.MAR DEL PLATA 5TA,PUAN 2251 - GENERAL PUEYRREDON,General Pueyrredón,0223-4842578/2328,COMISARIO HARISMENDI OSCAR LEONARDO
"POINT (-57.55321 -37.996838)",Comisaría,Ministerio de Seguridad,CRIA.MAR DEL PLATA 1RA,AVE INDEPENDENCIA 1751,General Pueyrredón,02234949880/2234947515/2234911242,COMISARIO VULCANO EDGARDO ANDRES
"POINT (-57.561557 -37.954609)",Comisaría,Ministerio de Seguridad,CRIA.MAR DEL PLATA 7MA,JOAQUIN V GONZALEZ Y ACEVEDO - GENERAL PUEYRREDON,General Pueyrredón,0223-4791316/ 5332,COMISARIO ROBLEDO GABRIEL LUIS
"POINT (-57.576454 -38.109115)",Comisaría,Ministerio de Seguridad,CRIA.MAR DEL PLATA 13RA,RUTA PROV 11 KM 22 Y PLAYA SERENA GENERAL PUEYRREDON,General Pueyrredón,0223-4672555,SUBCOMISARIO DIPERNA CARLOS ALBERTO
"POINT (-57.581191 -37.992482)",Comisaría,Ministerio de Seguridad,CRIA.MAR DEL PLATA 4TA,CHILE Y ALBERTI - GENERAL PUEYRREDON,General Pueyrredón,0223-4784291/475-9357,COMISARIO DANIEL CHRISTIAN GUSTAVO
"POINT (-57.584388 -37.974029)",Comisaría,Ministerio de Seguridad,CRIA.MAR DEL PLATA 6TA,REP DEL LIBANO 1130 - GENERAL PUEYRREDON,General Pueyrredón,0223-4775044/4701168,COMISARIO HEREDIA EDGAR MARCELO
"POINT (-57.596344 -38.020465)",Comisaría,Ministerio de Seguridad,CRIA.MAR DEL PLATA 16TA,CAMUZZO 1567,General Pueyrredón,02234811602/4812638,COMISARIO FONTANA CRISTIAN DANIEL
"POINT (-57.60360475 -37.88859646)",Comisaría,Ministerio de Seguridad,SUBCRIA.CAMET,LA LAURA Y MOYANO (MOYANO 1550),General Pueyrredón,2234600102/02234600101,SUBCOMISARIO CRUZ LORENA VERONICA
"POINT (-57.613809 -37.970132)",Comisaría,Ministerio de Seguridad,CRIA.MAR DEL PLATA 12DA,BOLIVAR Y LEGUIZAMON - GENERAL PUEYRREDON,General Pueyrredón,0223-4875513,SUBCOMISARIO LOPEZ SILVIO FABIAN
"POINT (-57.614839 -37.996425)",Comisaría,Ministerio de Seguridad,CRIA.MAR DEL PLATA 11RA,180 Y ORTIZ DE ZARATE - GENERAL PUEYRREDON,General Pueyrredón,0223-4652549,COMISARIO BONOLDI OSVALDO JULIAN
"POINT (-57.626165 -38.023041)",Comisaría,Ministerio de Seguridad,SUBCRIA.PARQUE HERMOSO,190 Y 69 - GENERAL PUEYRREDON,General Pueyrredón,0223-4651288,SUBCOMISARIO CAÑETE CLAUDIO GABRIEL
"POINT (-57.705066 -38.007481)",Comisaría,Ministerio de Seguridad,CRIA.MAR DEL PLATA 8VA,RUTA 88 KM 13 - GENERAL PUEYRREDON,General Pueyrredón,0223-4642244,COMISARIO SENRRA LUIS ALBERTO
"POINT (-57.72742137 -37.44460911)",Comisaría,Ministerio de Seguridad,EST.POL.COM.MAR CHIQUITA,EZEIZA N° 599,Mar Chiquita,2265432253/2265432325,COMISARIO FIGUEROA DARIO IGNACIO
"POINT (-57.760032 -37.909687)",Comisaría,Ministerio de Seguridad,CRIA.MAR DEL PLATA 14TA,RUTA NAC 226 KM 17 - GENERAL PUEYRREDON,General Pueyrredón,0223-4630113,COMISARIO ARIZALA ADRIAN ALFREDO
"POINT (-57.791262 -36.642258)",Comisaría,Ministerio de Seguridad,CRIA.GRAL.GUIDO,BELGRANO Y CEPEDA - GENERAL GUIDO,General Guido,02268-491019/491110,SUBCOMISARIO NOGUEIRA RUBEN HORACIO
"POINT (-57.81255319 -36.09350371)",Comisaría,Ministerio de Seguridad,EST.POL.COM.CASTELLI,SAN MARTIN Y CARLOS PELLEGRINI,Castelli,02245-480113/481111,COMISARIO DOMENICHELLI LEANDRO GABRIEL
"POINT (-57.839761 -38.27264)",Comisaría,Ministerio de Seguridad,EST.POL.COM.GRAL.ALVARADO, MITRE 1137,General Alvarado,2291420613/02291421548,
"POINT (-57.851174 -34.878161)",Comisaría,Ministerio de Seguridad,CRIA.BERISSO 2DA,AV. MONTEVIDEO NRO. 3491,Berisso,0221-4620707/0211,SUBCOMISARIO GALLO LEONARDO GABRIEL
"POINT (-57.881098 -36.862881)",Comisaría,Ministerio de Seguridad,EST.POL.COM.MAIPU,RIVADAVIA 340,Maipú,02268-421115,SUBCOMISARIO UVIEDO DARIO NAZARENO
"POINT (-57.887263 -34.928756)",Comisaría,Ministerio de Seguridad,CRIA.BERISSO 3RA,126 Y 35,Berisso,0221-4862831/7127,SUBCOMISARIO PASSERINI MOUSSEGNE CHRISTIAN
"POINT (-57.89432226 -35.87521995)",Comisaría,Ministerio de Seguridad,EST.POL.COM.LEZAMA,RIVADAVIA Y SAN MARTIN,Lezama,02242-432103/432107,SUBCOMISARIO MEDLEY PABLO GERMAN
"POINT (-57.902431 -34.863006)",Comisaría,Ministerio de Seguridad,CRIA.ENSENADA 1RA,CESTINO E/ SIDOTTI Y SAN MARTIN,Ensenada,0221-4691111/2223,SUBCOMISARIO PERERA MAXIMILIANO JAVIER
"POINT (-57.90464 -34.926172)",Comisaría,Ministerio de Seguridad,CRIA.LA PLATA 16TA,121 E/ 81 Y 82,La Plata,2214574553,
"POINT (-57.90536168 -35.00482637)",Comisaría,Ministerio de Seguridad,SUBCRIA.ARANA,640 Y 141,La Plata,0221-4910316,
"POINT (-57.921939 -34.906956)",Comisaría,Ministerio de Seguridad,CRIA.BERISSO 4TA,6 E/ 125 Y 124,Berisso,0221-4231924/4276558,COMISARIO ROLDAN MIGUEL ANGEL
"POINT (-57.92513 -34.932709)",Comisaría,Ministerio de Seguridad,CRIA.LA PLATA 8VA,7 E/ 75 Y 74,La Plata,0221-4577124/ 5/ 4524322,COMISARIO CASA MARTIN RAFAEL BONIFACIO
"POINT (-57.937604 -34.898685)",Comisaría,Ministerio de Seguridad,CRIA.ENSENADA 3RA,47 E/ 122 Y 123,Ensenada,0221-4231743/4245654,SUBCOMISARIO DIGIACOMO CRISTIAN ANDRES
"POINT (-57.940087 -34.91812)",Comisaría,Ministerio de Seguridad,CRIA.LA PLATA 9NA,5 E/ 59 Y 60,La Plata,0221-4231953/54/4213978,SUBCOMISARIO SAEZ MATIAS ALFREDO
"POINT (-57.95055002 -34.91894484)",Comisaría,Ministerio de Seguridad,CRIA.LA PLATA 1RA,AV. 53 e/ 10 y 9,La Plata,0221-423-1945/6,
"POINT (-57.963126 -34.906217)",Comisaría,Ministerio de Seguridad,CRIA.LA PLATA 2DA,38 E/ 7 Y 8,La Plata,0221-4231947/48/4230649,COMISARIO TOLABA ALBERTO DANIEL
"POINT (-57.966389 -34.892078)",Comisaría,Ministerio de Seguridad,CRIA.LA PLATA 6TA,1 E/ 527 Y 528,La Plata,2214258063/4231952/4231951,COMISARIO INSPECTOR CABIRON MARTIN ANDRES
"POINT (-57.972949 -34.921877)",Comisaría,Ministerio de Seguridad,CRIA.LA PLATA 4TA,DIAG. 73 E/ 21 Y 22,La Plata,0221-4231949/50,COMISARIO SANCHEZ CARLOS DARIO
"POINT (-57.978855 -34.905771)",Comisaría,Ministerio de Seguridad,CRIA.LA PLATA 11RA,530 E/ 14 Y 15,La Plata,2214270544/4231955,SUBCOMISARIO VIZCARRA JUAN JOSE
"POINT (-57.979922 -34.812855)",Comisaría,Ministerio de Seguridad,CRIA.ENSENADA 2DA,"BROWN, ALTE. E/ 94 Y 92",Ensenada,0221-4661447/1234,COMISARIO TORALES GUSTAVO GABRIEL
"POINT (-58.014428 -35.577861)",Comisaría,Ministerio de Seguridad,EST.POL.COM.CHASCOMUS 1RA,LASTRA Y SARMIENTO,Chascomús,02241-422515/423901,SUBCOMISARIO IRAZU CESAR PABLO
"POINT (-58.01565249 -34.90354186)",Comisaría,Ministerio de Seguridad,SUBCRIA.HERNANDEZ,511 ENTRE 29 Y 30,La Plata,2214715492,SUBCOMISARIO BENITEZ FRANCISCO JAVIER
"POINT (-58.048434 -34.871829)",Comisaría,Ministerio de Seguridad,CRIA.LA PLATA 10MA,2 E/ 12 Y 13,La Plata,2214721366/4722928/4722909,COMISARIO CLAURE JUAN ANGEL DANIEL
"POINT (-58.053611 -35.000519)",Comisaría,Ministerio de Seguridad,CRIA.LA PLATA 15TA,AVE 44 NRO. 5350,La Plata,022-4963036,SUBCOMISARIO QUINTANA FERNANDO ROBERTO
"POINT (-58.091457 -34.989132)",Comisaría,Ministerio de Seguridad,CRIA.LA PLATA 7MA,520 E/ 213 Y 212,La Plata,0221-4913300/3500/6300,COMISARIO SOLER JUAN SEBASTIAN
"POINT (-58.139262 -36.005283)",Comisaría,Ministerio de Seguridad,EST.POL.COM.PILA,7 E/ 4 Y 6,Pila,02242-498231,SUBCOMISARIO SAN MARTIN GASTON
"POINT (-58.172219 -34.87899)",Comisaría,Ministerio de Seguridad,CRIA.BERAZATEGUI 5TA,537 E/ 613 Y 611,Berazategui,02229-491512/491111,SUBCOMISARIO QUINTANA CLAUDIO RUBEN
"POINT (-58.182001 -34.832245)",Comisaría,Ministerio de Seguridad,CRIA.BERAZATEGUI 3RA,415 E/ 457A Y 458,Berazategui,02229-452485/441094,COMISARIO INSPECTOR PAOLA LEONARDO JAVIER
"POINT (-58.183064 -34.806274)",Comisaría,Ministerio de Seguridad,CRIA.BERAZATEGUI 4TA,52B HERMELO E/ 135 Y 134,Berazategui,02229-440476/440606,SUBCOMISARIO KAUFMANN JORGE OMAR
"POINT (-58.198017 -34.789786)",Comisaría,Ministerio de Seguridad,CRIA.BERAZATEGUI 2DA,364 E/ 311 Y 312A,Berazategui,011-42588788/8551/,SUBCOMISARIO OVIEDO CARLOS OSCAR
"POINT (-58.212306 -34.759203)",Comisaría,Ministerio de Seguridad,CRIA.BERAZATEGUI 1RA,11 E/ 147 Y 148,Berazategui,011-42561133/2532,COMISARIO RODRIGUEZ RAMON ANTONIO
"POINT (-58.226658 -34.825827)",Comisaría,Ministerio de Seguridad,CRIA.FLORENCIO VARELA 4TA,"LOS POETAS E/ GONZALEZ, JOAQUIN V. Y RUBEN DARIO",Florencio Varela,1142214122,COMISARIO LANZA CARLOS DANIEL
"POINT (-58.232287 -34.749252)",Comisaría,Ministerio de Seguridad,CRIA.QUILMES 6TA,CUENCA NRO. 5165,Quilmes,011-42561144/42161876,SUBCOMISARIO RISSO CARLOS MARTIN
"POINT (-58.253245 -34.720874)",Comisaría,Ministerio de Seguridad,CRIA.QUILMES 1RA,SARMIENTO E/ RIVADAVIA Y ALEM,Quilmes,011-4254-2724,COMISARIO KAPUST ALEJANDRO MAXIMILIANO
"POINT (-58.253996 -37.847447)",Comisaría,Ministerio de Seguridad,EST.POL.COM.BALCARCE,URIBURU 670,Balcarce,02266-424013/423705,
"POINT (-58.260069 -34.727612)",Comisaría,Ministerio de Seguridad,CRIA.QUILMES 3RA,12 DE OCTUBRE NRO. 55,Quilmes,011-42534444/2520,COMISARIO NUÑEZ JUAN RAMON
"POINT (-58.262319 -34.789852)",Comisaría,Ministerio de Seguridad,CRIA.FLORENCIO VARELA 3RA,AV. SENZABELLO E/ NECOCHEA Y PARRAVECINI,Florencio Varela,1142553855,COMISARIO FERNANDEZ RAUL ANGEL
"POINT (-58.266732 -34.920996)",Comisaría,Ministerio de Seguridad,CRIA.FLORENCIO VARELA 5TA,RUTA 53 E/ FIGUEROA ALCORTA Y AV. ROCA,Florencio Varela,02225498314/498097,COMISARIO MALDONADO FABIAN EMILIO
"POINT (-58.270626 -34.707895)",Comisaría,Ministerio de Seguridad,CRIA.QUILMES 8VA,PARANA NRO. 230,Quilmes,011-4252-8152/0677,COMISARIO COCH MIGUEL ANGEL
"POINT (-58.278449 -34.806439)",Comisaría,Ministerio de Seguridad,CRIA.FLORENCIO VARELA 1RA,"AV. SAN MARTIN E/ AYACUCHO Y NEWBERY, JORGE",Florencio Varela,1142551412,COMISARIO FERREIRA SERGIO GUSTAVO
"POINT (-58.283062 -34.758892)",Comisaría,Ministerio de Seguridad,CRIA.QUILMES 9NA,"GUTIERREZ (336) E/ ROCA, ARGENTINO (382) Y BLANCO,",Quilmes,011-42009000/8143,COMISARIO DARNET ARIEL GUSTAVO
"POINT (-58.283093 -34.710424)",Comisaría,Ministerio de Seguridad,CRIA.QUILMES 2DA,25 DE MAYO NRO. 87,Quilmes,011-4251-8147/48,SUBCOMISARIO RUDAKOFF TOMAS ANTONIO
"POINT (-58.29301777 -35.07401796)",Comisaría,Ministerio de Seguridad,SUBCRIA.DOMSELAAR,FLORENTINO AMEGHINO Y BELGRANO,San Vicente,2225491237,SUBCOMISARIO PANATTI MARCOS JAVIER
"POINT (-58.301602 -34.703719)",Comisaría,Ministerio de Seguridad,SUBCRIA.DON BOSCO,PILCOMAYO E/ MAIPU Y AYACUCHO,Quilmes,1142522701,SUBCOMISARIO AYALA JOSE ALBERTO
"POINT (-58.302328 -34.805837)",Comisaría,Ministerio de Seguridad,CRIA.FLORENCIO VARELA 2DA,MARTIN FIERRO E/ EL ALJIBE Y EL GAUCHO,Florencio Varela,1142552686,COMISARIO DONADIO SERGIO WALTER
"POINT (-58.303145 -34.731742)",Comisaría,Ministerio de Seguridad,CRIA.QUILMES 5TA,MOSCONI E/ JUJUY Y LA RIOJA,Quilmes,011-42511845/1854,COMISARIO MURUCHI CARLOS ERNESTO
"POINT (-58.313475 -34.717356)",Comisaría,Ministerio de Seguridad,CRIA.QUILMES 7MA,162 E/ PAMPA Y LOS ANDES,Quilmes,011-42700848/0310,SUBCOMISARIO RUIZ RICARDO FERNANDO
"POINT (-58.313558 -34.70091)",Comisaría,Ministerio de Seguridad,CRIA.AVELLANEDA 5TA,LAS FLORES NRO. 363,Avellaneda,011-4207-0375/4444,SUBCOMISARIO VILLALBA ROLANDO JAVIER
"POINT (-58.315516 -35.516589)",Comisaría,Ministerio de Seguridad,EST.POL.COM.GENERAL PAZ,CAMPOMAR 2970,General Paz,2241481004/2241481134,SUBCOMISARIO PAZ FERNANDO ARIEL
"POINT (-58.32001568 -34.78809259)",Comisaría,Ministerio de Seguridad,CRIA.ALMIRANTE BROWN 10MA,MARGARITA Y ROSA,Almirante Brown,1142771000,COMISARIO AGUIRRE ALEJANDRO GABRIEL
"POINT (-58.33497 -34.79867)",Comisaría,Ministerio de Seguridad,CRIA.ALMIRANTE BROWN 6TA,BOLLINI NRO. 650,Almirante Brown,1142911390,SUBCOMISARIO SANCHEZ CRISTIAN DARIO
"POINT (-58.341667 -34.686299)",Comisaría,Ministerio de Seguridad,CRIA.AVELLANEDA 4TA,LUJAN E/ AV. MITRE Y BRANDSEN,Avellaneda,011-4207-7809/3333,
"POINT (-58.343752 -34.657899)",Comisaría,Ministerio de Seguridad,CRIA.AVELLANEDA 3RA,DEBENEDETTI E/ HUERGO Y CAMPANA,Avellaneda,011-42036706,SUBCOMISARIO OVEJERO CLAUDIO ALBERTO
"POINT (-58.34759 -34.703826)",Comisaría,Ministerio de Seguridad,CRIA.AVELLANEDA 7MA,OYUELAS Y CASACUBERTA,Avellaneda,011-4227-5656/7799,SUBCOMISARIO HERRERA SILVIO RODRIGO
"POINT (-58.347839 -34.732276)",Comisaría,Ministerio de Seguridad,CRIA.LANUS 6TA,"MONASTERIO E/ GUIDO, GRAL. Y CAAGUAZU",Lanús,011-42466224/8218,SUBCOMISARIO BALSYS FABIAN ANTONIO
"POINT (-58.349809 -34.819316)",Comisaría,Ministerio de Seguridad,CRIA.ALMIRANTE BROWN 8VA,RIO IGUAZU ENTRE RIO BLANCO Y RIO TUNUYAN- ALMIRANTE BROWN,Almirante Brown,1142685104,SUBCOMISARIO LOPEZ JUAN OSVALDO
"POINT (-58.355689 -34.798119)",Comisaría,Ministerio de Seguridad,CRIA.ALMIRANTE BROWN 5TA,"DARDO ROCHA E/ AGUERO, JULIAN Y GUEMES",Almirante Brown,1142911444,COMISARIO SPALLETTA OMAR FELIPE
"POINT (-58.360398 -34.765516)",Comisaría,Ministerio de Seguridad,CRIA.LOMAS DE ZAMORA 6TA,GOLONDRINA NRO. 2950,Lomas de Zamora,01142648777/42046774,COMISARIO CORDOBA SERGIO LUIS
"POINT (-58.366321 -34.723169)",Comisaría,Ministerio de Seguridad,CRIA.LANUS 8VA,"GRAL PICO E/ MONTEVIDEO, S. DE Y ITUZAINGO",Lanús,011-42465129/42209087,COMISARIO MEDINA CARLOS ALBERTO
"POINT (-58.367178 -34.78554)",Comisaría,Ministerio de Seguridad,CRIA.ALMIRANTE BROWN 9NA,BYNON NRO. 3137,Almirante Brown,42196435/42194017/42194018,SUBCOMISARIO ARCE FABIAN DARIO
"POINT (-58.367915 -34.664141)",Comisaría,Ministerio de Seguridad,CRIA.AVELLANEDA 1RA,LAVALLE E/ AV. PALAA Y AV. BELGRANO,Avellaneda,011-4222-2929,COMISARIO RAMIREZ JUAN ARIEL
"POINT (-58.372389 -34.687223)",Comisaría,Ministerio de Seguridad,CRIA.AVELLANEDA 6TA,CARABELAS E/ ELIZALDE Y DONOVAN,Avellaneda,011-42053138/42044444,SUBCOMISARIO FERREYRA ERNESTO FABIAN
"POINT (-58.3738177 -34.91830204)",Comisaría,Ministerio de Seguridad,CRIA.PTE.PERON,9 Y 35,Presidente Perón,02224-471206,COMISARIO GARCIA RAUL ALEJANDRO
"POINT (-58.374623 -34.986381)",Comisaría,Ministerio de Seguridad,CRIA.SAN VICENTE 2DA,MITRE E/ SALTA Y RACONE,San Vicente,02225-421115/423524,SUBCOMISARIO BOGADO RAMON ARTURO
"POINT (-58.3749 -34.736396)",Comisaría,Ministerio de Seguridad,CRIA.LANUS 10MA,AGUILAR NRO. 3635,Lanús,011-42468344/4220,COMISARIO VICENTE ROLANDO CLAUDIO
"POINT (-58.377957 -34.661562)",Comisaría,Ministerio de Seguridad,CRIA.AVELLANEDA 2DA,GIRIBONE NRO. 495,Avellaneda,01142038460 / 42019131,SUBCOMISARIO DELGADO SERGIO GUSTAVO
"POINT (-58.379937 -34.763582)",Comisaría,Ministerio de Seguridad,CRIA.LOMAS DE ZAMORA 8VA,"IRIARTE E/ ZEBALLO Y GONZALEZ, J.B.",Lomas de Zamora,01142443344/42436865,COMISARIO MOCCHETTI RICARDO DANIEL
"POINT (-58.38733 -34.708123)",Comisaría,Ministerio de Seguridad,CRIA.LANUS 2DA,"O'HIGGINS E/ MONTEVIDEO, S. Y ITUZAINGO",Lanús,011-42412382/3333,SUBCOMISARIO GONZALEZ EMANUEL JUAN PABLO
"POINT (-58.388383 -34.856294)",Comisaría,Ministerio de Seguridad,CRIA.ALMIRANTE BROWN 4TA,AV. AVIACION NRO. 461,Almirante Brown,1142970084,COMISARIO DOTTORI CRISTIAN ANDRES
"POINT (-58.388965 -34.82053)",Comisaría,Ministerio de Seguridad,CRIA.ALMIRANTE BROWN 2DA,9 DE JULIO E/ AV. ESPORA Y QUINTANA,Almirante Brown,1142990444,COMISARIO LOPEZ RAUL
"POINT (-58.389711 -34.893162)",Comisaría,Ministerio de Seguridad,CRIA.ALMIRANTE BROWN 7MA,SARMIENTO NRO. 498,Almirante Brown,0222442 2283,
"POINT (-58.393039 -34.703967)",Comisaría,Ministerio de Seguridad,CRIA.LANUS 1RA,D. VALLE IBERLUCEA NRO. 2818,Lanús,011-42410049/42479604,COMISARIO MARIN MARTIN HUGO
"POINT (-58.395005 -34.746195)",Comisaría,Ministerio de Seguridad,CRIA.LOMAS DE ZAMORA 2DA,"VERGARA, VALENTIN E/ GASCON Y CHACABUCO",Lomas de Zamora,01142424444/42423333,SUBCOMISARIO QUINTANA RICARDO
"POINT (-58.39512 -34.778526)",Comisaría,Ministerio de Seguridad,CRIA.LOMAS DE ZAMORA 3RA,STA MARIA DE ORO NRO. 330,Lomas de Zamora,01142434086/42444444,COMISARIO MENDEZ NESTOR MAURICIO
"POINT (-58.396034 -34.72347)",Comisaría,Ministerio de Seguridad,CRIA.LANUS 4TA,MASPERO NRO. 99,Lanús,011-42416205/42414000,COMISARIO VEGA JUAN JOSE
"POINT (-58.399357 -34.758192)",Comisaría,Ministerio de Seguridad,CRIA.LOMAS DE ZAMORA 1RA,ALEM E/ PORTELA Y SAENZ,Lomas de Zamora,01142452570/42433333,SUBCOMISARIO MORANO OSVALDO ERNESTO
"POINT (-58.408874 -34.690406)",Comisaría,Ministerio de Seguridad,CRIA.LANUS 7MA,"D'ELIA, CNEL. E/ PLAUL, SANTIAGO Y LA RIOJA",Lanús,011-42625633/5790/6413,SUBCOMISARIO PONCE LUIS ANGEL
"POINT (-58.412579 -34.667623)",Comisaría,Ministerio de Seguridad,CRIA.LANUS 3RA,YATAY NRO. 553,Lanús,011-4228-8902/4208-4444,COMISARIO MATUCHESKI FABIO SEBASTIAN
"POINT (-58.416574 -34.699339)",Comisaría,Ministerio de Seguridad,CRIA.LANUS 9NA,"FERNANDEZ, ENRIQUE NRO. 3635",Lanús,011-42626372/0304/6351,COMISARIO GODOY DUILIO MAXIMILIANO
"POINT (-58.419566 -35.021377)",Comisaría,Ministerio de Seguridad,CRIA.SAN VICENTE 1RA,AV. 25 DE MAYO E/ AV. BIOCCA Y CHACABUCO,San Vicente,02225-481037/481418,COMISARIO BOGADO DANIEL AURELIANO
"POINT (-58.423111 -34.684526)",Comisaría,Ministerio de Seguridad,CRIA.LANUS 5TA,WARNES NRO. 3077,Lanús,011-42184606/4208-3344,SUBCOMISARIO MUÑOZ OSVALDO CESAR
"POINT (-58.425585 -34.801127)",Comisaría,Ministerio de Seguridad,CRIA.LOMAS DE ZAMORA 4TA,EUSKAL ECHEA NRO. 277,Lomas de Zamora,01142986100/42986200,SUBCOMISARIO VINAY FABIAN EDUARDO
"POINT (-58.433878 -34.766627)",Comisaría,Ministerio de Seguridad,CRIA.LOMAS DE ZAMORA 9NA,FALUCHO NRO. 84,Lomas de Zamora,01142824433/42820497,SUBCOMISARIO MOYANO DIEGO ALFREDO
"POINT (-58.438131 -34.706072)",Comisaría,Ministerio de Seguridad,CRIA.LOMAS DE ZAMORA 5TA,NECOL NRO. 326,Lomas de Zamora,01142863538/42863575,COMISARIO RAMIREZ DEL VALLE MARCOS DAVID
"POINT (-58.455319 -34.79797)",Comisaría,Ministerio de Seguridad,CRIA.ESTEBAN ECHEVERRIA 2DA,"TTE RETTES E/ ALMAFUERTE Y GONZALEZ, URBANO",Esteban Echeverría,01142903376/42900573,SUBCOMISARIO MOURELLI HUGO ORLANDO
"POINT (-58.45991 -34.706679)",Comisaría,Ministerio de Seguridad,CRIA.LOMAS DE ZAMORA 10MA,RIVERA SUR E/ COSQUIN Y CAMINO NEGRO,Lomas de Zamora,01142851792/42851786,SUBCOMISARIO SOSA LUIS ISMAEL
"POINT (-58.471895 -34.822508)",Comisaría,Ministerio de Seguridad,CRIA.ESTEBAN ECHEVERRIA 1RA,"SANTAMARINA, SOFIA NRO. 474",Esteban Echeverría,01142900123/42900333,COMISARIO GATTI JULIO MARCELO
"POINT (-58.472079 -34.524747)",Comisaría,Ministerio de Seguridad,CRIA.VICENTE LOPEZ 5TA,AV. LIBERTADOR E/ MELO Y VERNET,Vicente López,1145136020,SUBCOMISARIO CABRERA MIGUEL ANGEL
"POINT (-58.47244552 -34.80673165)",Comisaría,Ministerio de Seguridad,SUBCRIA.25 DE MAYO,MARIANO ALEGRE Y NICOLAS BRUZONE,Esteban Echeverría,1142817164,
"POINT (-58.485758 -34.754928)",Comisaría,Ministerio de Seguridad,CRIA.ESTEBAN ECHEVERRIA 3RA,CNO DE CINTURA NRO. 6098,Esteban Echeverría,01146933003/46933004/4693-3733,COMISARIO BARRIENTOS FERNANDO HUGO
"POINT (-58.487704 -34.698221)",Comisaría,Ministerio de Seguridad,CRIA.LA MATANZA NORESTE 6TA,"UGARTE, MARTIN E/ OLAVARRIA Y AGUERO",La Matanza,4622-4000/4444/5550/4433/4422,SUBCOMISARIO PAULONI JUAN GABRIEL
"POINT (-58.489988 -34.485247)",Comisaría,Ministerio de Seguridad,CRIA.SAN ISIDRO 4TA,"BALCARCE E/ MARTINEZ, L. Y ALVEAR, GRAL.",San Isidro,1145122444/1145122216/011-45122349/2218,COMISARIO FORQUERA LEONARDO GUSTAVO
"POINT (-58.49076 -37.152972)",Comisaría,Ministerio de Seguridad,EST.POL.COM.AYACUCHO,MITRE 1152,Ayacucho,02296-452013 / 451567,
"POINT (-58.492176 -34.705639)",Comisaría,Ministerio de Seguridad,CRIA.LA MATANZA NORESTE 5TA,DE CIRCUNVALACION Y DEL TALLO,La Matanza,4480-5663/5664/5665-4442-7804C,SUBCOMISARIO GARRO JAVIER GASTON
"POINT (-58.493476 -34.833701)",Comisaría,Ministerio de Seguridad,CRIA.ESTEBAN ECHEVERRIA 5TA,ANGEL ROTA Y BARBERENA,Esteban Echeverría,42955147/42955148/42327862,COMISARIO CORDOVA CLAUDIO FELICIANO
"POINT (-58.502337 -34.859968)",Comisaría,Ministerio de Seguridad,CRIA.ESTEBAN ECHEVERRIA 4TA,CASTEX M. - RP 52 E/ LAGO MASCARDI Y VIDAL,Esteban Echeverría,01142952222/42321794/42327500,SUBCOMISARIO SALAZAR JUAN JOSE
"POINT (-58.50299758 -35.77068159)",Comisaría,Ministerio de Seguridad,EST.POL.COM.GRAL.BELGRANO,RIVADAVIA 526,Gral. Belgrano,2243452113/2243452291,SUBCOMISARIO MELINA CARLOS ALBERTO
"POINT (-58.503538 -34.490447)",Comisaría,Ministerio de Seguridad,CRIA.SAN ISIDRO 2DA,"ITALIA E/ RODRIGUEZ PE¥A Y YRIGOYEN, HIPOLITO",San Isidro,1145122342/1145122442,
"POINT (-58.503772 -34.547726)",Comisaría,Ministerio de Seguridad,CRIA.VICENTE LOPEZ 4TA,AV. LAPRIDA E/ GRECIA Y CHILE,Vicente López,1145131443/1145131420/1145131440,COMISARIO RODRIGUEZ HERNAN SEBASTIAN
"POINT (-58.50386 -34.684854)",Comisaría,Ministerio de Seguridad,CRIA.LA MATANZA NORESTE 1RA,"PEDERNERA E/ THOMPSON, M. Y CAGUAZU",La Matanza,4652-4444/3000 4655-0969 4454-7059,SUBCOMISARIO RENO EDGARDO GERMAN
"POINT (-58.504665 -34.534034)",Comisaría,Ministerio de Seguridad,CRIA.VICENTE LOPEZ 2DA,"AV SAN MARTIN E/ ECHEVERRIA Y DEL CAMPO, ESTANISLA",Vicente López,1145131447/1145131448/1145131449,COMISARIO MARCEL RUBEN EDGARDO
"POINT (-58.508271 -34.699388)",Comisaría,Ministerio de Seguridad,CRIA.LA MATANZA NORESTE 4TA,ALTOLAGUIRRE E/ JUNCAL Y TUYUTI,La Matanza,4442-3131 4462-2935,COMISARIO MARTINEZ JORGE ALEJANDRO
"POINT (-58.50987695 -34.87678511)",Comisaría,Ministerio de Seguridad,CRIA.EZEIZA 6TA,DELLEPIANE Y BARREIRO,Ezeiza,42952222,
"POINT (-58.5122199 -34.5166558)",Comisaría,Ministerio de Seguridad,SUBCRIA.LOMA DE ROCA,UZAL Y BORGES,Vicente López,1148971023,
"POINT (-58.515844 -34.472415)",Comisaría,Ministerio de Seguridad,CRIA.SAN ISIDRO 1RA,ALSINA E/ GARIBALDI Y AV. CENTENARIO,San Isidro,1145130058/1145130059,
"POINT (-58.516811 -34.70769811)",Comisaría,Ministerio de Seguridad,SUBCRIA.ALDO BONZI,JOSE ALICO 1020 ALDO BONZI,La Matanza,011-44625533/4442-0476,SUBCOMISARIO CORTEZ WALTER FABIAN
"POINT (-58.520354 -34.562056)",Comisaría,Ministerio de Seguridad,CRIA.SAN MARTIN 6TA,LAVALLE E/ MATHEU Y MITRE,General San Martín,011-45126084/6776/6702/03,COMISARIO ZARCO LUIS ALBERTO
"POINT (-58.522204 -34.734372)",Comisaría,Ministerio de Seguridad,CRIA.LA MATANZA ESTE 3RA,EL PICAFLOR E/ MOLLE Y LA CHOCA,La Matanza,46203333/44872043,COMISARIO VALLEJOS VICTOR OMAR
"POINT (-58.522784 -34.787788)",Comisaría,Ministerio de Seguridad,CRIA.EZEIZA 4TA,"LUGONES E/ SPANO, GUIDO Y HERNANDEZ, J.",Ezeiza,011-4480-0918/0371,
"POINT (-58.525148 -34.853333)",Comisaría,Ministerio de Seguridad,CRIA.EZEIZA 1RA,PRINCESA MAFALDA NRO. 255,Ezeiza,011-4295-0675/6767,
"POINT (-58.52517 -34.591961)",Comisaría,Ministerio de Seguridad,CRIA.SAN MARTIN 3RA,GUIDO SPANO Y MONTEAGUDO,General San Martín,011-45126704,COMISARIO MARES DIEGO MARTIN
"POINT (-58.527105 -34.462003)",Comisaría,Ministerio de Seguridad,CRIA.SAN ISIDRO 5TA,"POSADAS, GERVASIO E/ AV. CENTENARIO Y GARIBALDI",San Isidro,1145130055/1145130056/1145130013/36/37,COMISARIO BRITES SERGIO ALBERTO
"POINT (-58.52724 -34.602717)",Comisaría,Ministerio de Seguridad,CRIA.TRES DE FEBRERO 10MA,POSADAS E/ MOSCONI Y AMEGHINO,Tres de Febrero,01145133037/38/39/43,COMISARIO HUBERTY DIEGO ANDRES
"POINT (-58.52733 -34.501834)",Comisaría,Ministerio de Seguridad,CRIA.SAN ISIDRO 10MA,HIPOLITO IRIGOYEN Y PANAMA,San Isidro,1147174342/1147174284,SUBCOMISARIO ESPOSITO HERNAN JACINTO
"POINT (-58.529062 -34.54874)",Comisaría,Ministerio de Seguridad,CRIA.SAN MARTIN 8VA,4 DE FEBRERO E/ CAMPOS Y ROSALIA,General San Martín,114512 21/23,SUBCOMISARIO PEÑALVA SEBASTIAN GABRIEL
"POINT (-58.529377 -34.684029)",Comisaría,Ministerio de Seguridad,CRIA.LA MATANZA NORESTE 3RA,ALBERTI E/ CATRIEL Y ALVEAR,La Matanza,4652-4106/4936 4453-1007 4453-1316,COMISARIO GONZALEZ OSCAR ROBERTO
"POINT (-58.530628 -34.870275)",Comisaría,Ministerio de Seguridad,CRIA.EZEIZA 5TA,COSME ARGERICH NRO. 388,Ezeiza,011-43980777/78,SUBCOMISARIO CORREA ABEL GREGORIO
"POINT (-58.532388 -34.871914)",Comisaría,Ministerio de Seguridad,SUBCRIA.LA UNION,137 Y 524 Y 525,Ezeiza,0221-4707676/4709388,SUBCOMISARIO DE PAULIS GUSTAVO MARTIN
"POINT (-58.533379 -34.618147)",Comisaría,Ministerio de Seguridad,CRIA.TRES DE FEBRERO 8VA,"RODRIGUEZ, FRAY C. E/ INGENIEROS, JOSE Y GARIBALDI",Tres de Febrero,01145133031/32/42,COMISARIO MORENO MARCELO DANIEL
"POINT (-58.53542297 -34.64554946)",Comisaría,Ministerio de Seguridad,CRIA.TRES DE FEBRERO 12DA,ESTERO BELLACO N° 459,Tres de Febrero,1146531612,COMISARIO ROMERO MARIN ROLANDO ARIEL
"POINT (-58.53586 -34.527202)",Comisaría,Ministerio de Seguridad,CRIA.VICENTE LOPEZ 6TA,"DRYSDALE E/ CASTRO, R. Y CASTELLI",Vicente López,1145125137/1145125568/1145125556,COMISARIO AREVALO JOSE LUIS
"POINT (-58.540189 -34.601685)",Comisaría,Ministerio de Seguridad,CRIA.TRES DE FEBRERO 3RA,DR. CARBONE E/ ESTRADA Y NEWTON,Tres de Febrero,01145133222/3033/34/41,COMISARIO MACIEJOWSKI DANIEL MARCELO
"POINT (-58.541791 -34.455217)",Comisaría,Ministerio de Seguridad,CRIA.SAN FERNANDO 3RA,LAVALLE E/ DORREGO Y PALACIOS,San Fernando,1145800805/1145800804/1145800885/1145800882,SUBCOMISARIO SILVA NORBERTO CLAUDIO
"POINT (-58.541942 -34.580624)",Comisaría,Ministerio de Seguridad,CRIA.SAN MARTIN 1RA,"BALBIN, RICARDO E/ BELGRANO Y MITRE",General San Martín,011-45126081/85/86/67786707,COMISARIO SERRIZUELA CLAUDIO FERNANDO
"POINT (-58.542464 -34.624342)",Comisaría,Ministerio de Seguridad,CRIA.TRES DE FEBRERO 6TA,PASO E/ PASTEUR Y RICHIERI,Tres de Febrero,01146539992/4657/9586,COMISARIO FIGUEROA FACUNDO HERNAN
"POINT (-58.543021 -34.638074)",Comisaría,Ministerio de Seguridad,CRIA.TRES DE FEBRERO 2DA,"GACETA DE BS AS E/ JUSTO, JUAN B. Y ARCO, STA. JUA",Tres de Febrero,01146533333/4542,COMISARIO CARDONA GRIÑO LUIS
"POINT (-58.545767 -34.647467)",Comisaría,Ministerio de Seguridad,CRIA.LA MATANZA NOROESTE 6TA,"GRAL ACHA E/ BALCARCE Y PALACIOS, ALFREDO",La Matanza,4653-3344 4647-0574/0172,COMISARIO BRITEZ HORACIO ENRIQUE
"POINT (-58.549273 -34.521008)",Comisaría,Ministerio de Seguridad,CRIA.SAN ISIDRO 8VA,"SCALABRINI ORTIZ E/ PERITO MORENO Y MALVINAS, SOLD",San Isidro,1145804455/59,
"POINT (-58.549567 -34.680499)",Comisaría,Ministerio de Seguridad,,OMBU NRO. 3720,La Matanza,,
"POINT (-58.55204 -34.455461)",Comisaría,Ministerio de Seguridad,CRIA.SAN FERNANDO 2DA,"SOBREMONTE E/ PASTEUR Y IRIONDO, S.",San Fernando,1145800887/1145800806/1145800881,SUBCOMISARIO PERALTA ANGEL JULIO
"POINT (-58.552752 -34.547925)",Comisaría,Ministerio de Seguridad,CRIA.SAN MARTIN 2DA,BVARD. BALLESTER E/ LAVALLE Y ALVEAR,General San Martín,011-45125545/46/5559,SUBCOMISARIO ROMERO CLAUDIO JAVIER
"POINT (-58.553567 -34.55874)",Comisaría,Ministerio de Seguridad,CRIA.SAN MARTIN 9NA,INDUSTRIA NRO. 3300,General San Martín,011-45126091,COMISARIO SASTRE RODOLFO JAVIER
"POINT (-58.5549 -34.658433)",Comisaría,Ministerio de Seguridad,CRIA.LA MATANZA NOROESTE 5TA,"ACONCAGUA E/ PEREYRA, LUIS Y OLIVERA, DOMINGO",La Matanza,4658-6741 4656-9555,SUBCOMISARIO GOMEZ LORENA VANESA
"POINT (-58.556183 -34.44017)",Comisaría,Ministerio de Seguridad,CRIA.SAN FERNANDO 1RA,"PERON, PTE. J.D. E/ 9 DE JULIO Y MADERO",San Fernando,01145800808/09/0883/88,COMISARIO VARGAS ROBERTO CLAUDIO
"POINT (-58.56009099 -34.43580558)",Comisaría,Ministerio de Seguridad,SUBCRIA.BAIRES BºBANCALARI,AVE DEL LIBERTADOR  GRAL SAN MARTIN Y ALVEAR,San Fernando,1148469010,SUBCOMISARIO FRIDMAN ALEJANDRO DAVID
"POINT (-58.561606 -34.677107)",Comisaría,Ministerio de Seguridad,CRIA.LA MATANZA NOROESTE 1RA,"VILLEGAS E/ ALMAFUERTE Y ARIETA, ING.",La Matanza,4651-3333/8302 4484-4700 4482-5683,COMISARIO CAPALBO FRANCISCO ARTURO
"POINT (-58.564905 -34.645799)",Comisaría,Ministerio de Seguridad,CRIA.LA MATANZA NOROESTE 2DA,AV. DE MAYO E/ CHACABUCO Y CASTELLI,La Matanza,4658-3333/1683 4656-1118,COMISARIO BATALLAN RUBEN DAVID
"POINT (-58.566683 -34.606261)",Comisaría,Ministerio de Seguridad,CRIA.TRES DE FEBRERO 1RA,SAN JORGE E/ AV. URQUIZA Y BELGRANO,Tres de Febrero,01147503333/45127607/7997/98/7766,COMISARIO ARCE DANIEL GUSTAVO
"POINT (-58.567472 -34.512241)",Comisaría,Ministerio de Seguridad,CRIA.SAN ISIDRO 3RA,"AV. ROLON, AVELINO E/ OLAZABAL Y BULNES",San Isidro,1145804468/1145804467/1145804461,COMISARIO ROSSO ALBERTO ORLANDO
"POINT (-58.569202 -34.893179)",Comisaría,Ministerio de Seguridad,CRIA.EZEIZA 2DA,ERRATCHU E/ 25 DE MAYO Y MAROTTO,Ezeiza,011-4234-8327,
"POINT (-58.569682 -34.63515)",Comisaría,Ministerio de Seguridad,CRIA.MORON 5TA,"TRES DE FEBRERO Y DEL CAMPO, ESTANISLAO",Morón,1146566328/46560550/46549841/46580130,COMISARIO REINOSO MARIANO ERNESTO
"POINT (-58.573002 -34.586552)",Comisaría,Ministerio de Seguridad,CRIA.TRES DE FEBRERO 9NA,"SEGUNDO SOMBRA E/ ILLIA, ARTURO Y HERNANDEZ, JOSE",Tres de Febrero,01145126863/64/67/69,COMISARIO SROKA ARNALDO
"POINT (-58.573356 -34.713304)",Comisaría,Ministerio de Seguridad,CRIA.LA MATANZA OESTE 4TA,"PEKIN E/ BERRO, ADOLFO Y ANATOLE FRANCE",La Matanza,4694-2222,COMISARIO SANCHEZ SERGIO ANTONIO
"POINT (-58.573394 -34.575026)",Comisaría,Ministerio de Seguridad,CRIA.SAN MARTIN 5TA,SAN LORENZO Y MORENO,General San Martín,011-45127893/91/6705/7892,COMISARIO ARIAS FACUNDO RODOLFO ANGEL
"POINT (-58.574582 -34.529568)",Comisaría,Ministerio de Seguridad,CRIA.SAN MARTIN 4TA,AV. MARQUEZ E/ BVRD. BALLESTER Y BUENOS AIERS,General San Martín,011-45801155/1156,COMISARIO LUNA ANGEL DANIEL
"POINT (-58.581054 -34.485011)",Comisaría,Ministerio de Seguridad,CRIA.SAN ISIDRO 9NA,"CNO. REAL MORON E/ PANAMERICANA Y ARANA, GDOR.",San Isidro,1145804472,COMISARIO ESPINOSA JULIO MARCELO
"POINT (-58.58178346 -34.83195471)",Comisaría,Ministerio de Seguridad,,CAMINO REAL Y SASTRE,Ezeiza,S/D,
"POINT (-58.581838 -34.42174)",Comisaría,Ministerio de Seguridad,SUBCRIA.DELTA,LAVALLE Y SAN MARTIN,Tigre,1145805226,SUBCOMISARIO SUYO OMAR ALFREDO
"POINT (-58.58206157 -34.54829935)",Comisaría,Ministerio de Seguridad,SUBCRIA.JOSE LEON SUAREZ SUR,AV MARQUEZ Y 9 DE JULIO,General San Martín,S/D,COMISARIO ACIAR DANIEL MAURICIO
"POINT (-58.583754 -34.46407)",Comisaría,Ministerio de Seguridad,CRIA.SAN FERNANDO 4TA,MIGUEL CANE E/ EFRNANDO FADER Y BENJAMIN FRANKLIN,San Fernando,1145800802/1145800801/1145800803,SUBCOMISARIO MONTENEGRO JAVIER ROBERTO
"POINT (-58.585689 -34.657684)",Comisaría,Ministerio de Seguridad,CRIA.LA MATANZA NOROESTE 3RA,GARIBALDI E/ ENTRE RIOS Y ALMAFUERTE,La Matanza,4650-9156 4443-1301 4659-3344,SUBCOMISARIO SOSA BRUNO GASTON
"POINT (-58.586054 -34.646909)",Comisaría,Ministerio de Seguridad,CRIA.MORON 2DA,TACUARI E/ CHACABUCO Y MAIPU,Morón,01144600223/44601895/1144433766/46593333/46594444/,SUBCOMISARIO AGUILAR MORENO NESTOR MARCELO
"POINT (-58.586098 -34.699658)",Comisaría,Ministerio de Seguridad,CRIA.LA MATANZA OESTE 1RA,PARIS E/ SEGUI Y SANTIAGO,La Matanza,4625-4049/5711,SUBCOMISARIO ZABALA JOSE TEODORO
"POINT (-58.589894 -34.914453)",Comisaría,Ministerio de Seguridad,CRIA.EZEIZA 3RA,25 DE MAYO E/ 12 DE OCTUBRE Y ROSARIO,Ezeiza,022274-421-153,
"POINT (-58.590273 -34.604544)",Comisaría,Ministerio de Seguridad,CRIA.TRES DE FEBRERO 7MA,LOS AROMOS E/ MAGNOLIAS Y ROBLES,Tres de Febrero,01145133060/62,COMISARIO RODRIGUEZ CARLOS DANIEL
"POINT (-58.591283 -34.748547)",Comisaría,Ministerio de Seguridad,CRIA.LA MATANZA ESTE 1RA,"RAFAEL OBLIGADO E/ GUTIERREZ, RICARDO Y BEETHOVEN",La Matanza,4626-1111/1444 4467-0085/0376,
"POINT (-58.591665 -34.73033)",Comisaría,Ministerio de Seguridad,CRIA.LA MATANZA ESTE 2DA,"NEWBERY, JORGE E/ SOLDADO ROSA Y TRES CRUCES",La Matanza,4626-0088/0153,COMISARIO MIRANDA ROBERTO RUFINO
"POINT (-58.59480737 -34.86256448)",Comisaría,Ministerio de Seguridad,SUBCRIA.CUATRO BOCAS,BLAS PARERA Y CAMINO REAL,Ezeiza,011-42343567,OFICIAL PRINCIPAL D'ELIA LUCAS MATIAS
"POINT (-58.59559587 -34.53344377)",Comisaría,Ministerio de Seguridad,CRIA.SAN MARTIN 10MA.,CAMINO DEL BUEN AYRE Y SALVADOR DEBENEDETTI,General San Martín,011-4580-1061,COMISARIO PEREZ ALBERTO ADOLFO
"POINT (-58.596008 -34.714297)",Comisaría,Ministerio de Seguridad,CRIA.LA MATANZA OESTE 2DA,"BEDOYA, ELIAS E/ OLIVIERI Y LAVALLOL",La Matanza,4625-4758/6204,COMISARIO OLIVERA HECTOR RUBEN
"POINT (-58.596268 -34.608575)",Comisaría,Ministerio de Seguridad,CRIA.MORON 6TA,TTE GALAN E/ VICTORICA Y PEDERNERA,Morón,1145133480/45133064/45133061/01147587428,COMISARIO GONZALEZ RICARDO ALFREDO
"POINT (-58.597884 -34.576617)",Comisaría,Ministerio de Seguridad,CRIA.TRES DE FEBRERO 5TA,AV. MARQUEZ E/ SAN GUILLERMO Y BESADA,Tres de Febrero,01145127884/85/86/89,SUBCOMISARIO GALVAN JOSE AGUSTIN
"POINT (-58.615678 -34.772367)",Comisaría,Ministerio de Seguridad,CRIA.LA MATANZA SUR 3RA,ACHUPALLAS E/ SOBERANIA NACIONAL Y MANASCO,La Matanza,02202-451850/453926,COMISARIO BANEGAS JAVIER ENRIQUE
"POINT (-58.618927 -34.4875)",Comisaría,Ministerio de Seguridad,CRIA.TIGRE 3RA,"ALVEAR, M. T. DE E/ RIOBAMBA Y MENENDEZ Y PELAYO",Tigre,1145132783/4,COMISARIO DERUDI MAURICIO JAVIER
"POINT (-58.622103 -34.652832)",Comisaría,Ministerio de Seguridad,CRIA.MORON 1RA,"MITRE, B. E/ BELGRANO Y SAN MARTIN",Morón,1144893869/44835053/46293333/01146284390/46284393,
"POINT (-58.626994 -34.698792)",Comisaría,Ministerio de Seguridad,CRIA.LA MATANZA OESTE 3RA,MENDES ANDES E/ SANTA CRUZ Y CAPDEVILA,La Matanza,4697-7195/8103/0448/3892,COMISARIO OCAMPOS DIEGO ADRIAN
"POINT (-58.632531 -34.459219)",Comisaría,Ministerio de Seguridad,CRIA.TIGRE 2DA,"IRIGOYEN, HIPOLITO NRO. 745",Tigre,1145129763/62/877,SUBCOMISARIO FRANCO DIEGO JOSE LUIS
"POINT (-58.634388 -34.61481)",Comisaría,Ministerio de Seguridad,CRIA.HURLINGHAM 2DA,AV. VERGARA NRO. 2350,Hurlingham,1144502554/1144591910/1144596142/1144505192,COMISARIO MIRANDA CAMILO CESAR
"POINT (-58.63477 -34.685152)",Comisaría,Ministerio de Seguridad,CRIA.MORON 4TA,"SANTO DOMINGO E/ AV. PERON, EVA Y SOLARI",Morón,1146974791/46976531/46976222/46972944,COMISARIO PEREZ CHRISTIAN DAVID
"POINT (-58.635836 -34.6559)",Comisaría,Ministerio de Seguridad,CRIA.MORON 3RA,"LIBERTADOR E/ ATALIVA ROCA Y ROCHA, DARDO",Morón,01146284544/46284538/1146293344/44895346/46294444,SUBCOMISARIO MEMOLI MARCELO MARTIN
"POINT (-58.636435 -34.572554)",Comisaría,Ministerio de Seguridad,CRIA.HURLINGHAM 5TA,CJAL ENRIQUE RECAGNO Y THEVENING,Hurlingham,1146628444/1144526908/1144527025,
"POINT (-58.641782 -34.584126)",Comisaría,Ministerio de Seguridad,CRIA.HURLINGHAM 1RA,VICTORIA E/ MUSTONI Y GARIBALDI,Hurlingham,1144528370/1146623333/1146622222,
"POINT (-58.644854 -34.770688)",Comisaría,Ministerio de Seguridad,CRIA.LA MATANZA SUR 1RA,SAENZ E/ CUYO Y PUERTO ARGENTINO,La Matanza,02202-422333/431333/422691/461445/461433,COMISARIO ROTUNNO JERONIMO ALBERTO
"POINT (-58.645461 -34.642102)",Comisaría,Ministerio de Seguridad,CRIA.MORON 7MA,"ALEM, L. N. E/ ESPANA Y ITALIA",Morón,01144581906/1146230584/46234556/46231043,COMISARIO CASCO PABLO ALBERTO
"POINT (-58.65214 -34.617842)",Comisaría,Ministerio de Seguridad,CRIA.HURLINGHAM 4TA,LANGARA Y LEBENSHON,Hurlingham,114460      ,SUBCOMISARIO AZAMEZ FERNANDO HUGO
"POINT (-58.654355 -34.470951)",Comisaría,Ministerio de Seguridad,CRIA.TIGRE 6TA,HIPOLITO YRIGOYEN Y PARAGUAY,Tigre,1147266206,SUBCOMISARIO BORDA VICTOR ANTONIO
"POINT (-58.660212 -34.577301)",Comisaría,Ministerio de Seguridad,CRIA.HURLINGHAM 3RA,POTOSI NRO. 3490,Hurlingham,1146658402/1146658418,COMISARIO GOMEZ CARLOS GERMAN
"POINT (-58.660917 -34.483969)",Comisaría,Ministerio de Seguridad,CRIA.TIGRE 5TA,"GELLY OBES, ANDRES GRAL. E/ ALEMANIA Y CORTEZ, HER",Tigre,1145129792/760/761/764/765,SUBCOMISARIO BRITO HEREDIA MARCOS BAUTISTA
"POINT (-58.668015 -34.64114)",Comisaría,Ministerio de Seguridad,CRIA.ITUZAINGO 2DA,LAVALLEJA NRO. 750,Ituzaingó,1144584999/1146234423/1146235461/1146244941,SUBCOMISARIO PEREZ DANIEL FERNANDO
"POINT (-58.668365 -34.657043)",Comisaría,Ministerio de Seguridad,CRIA.ITUZAINGO 1RA,OLAZABAL NRO. 899,Ituzaingó,1146230795/1146230842/1146243333,COMISARIO CONTRERAS ROBERTO FABIAN
"POINT (-58.677991 -34.619949)",Comisaría,Ministerio de Seguridad,CRIA.ITUZAINGO 3RA,"UDAONDO, GDOR. E/ DE LOS RESEROS Y DE LA VIDALITA",Ituzaingó,1146213030/1146210444/1146218196,SUBCOMISARIO SANABRIA JULIAN MARCELO
"POINT (-58.68802634 -34.45671066)",Comisaría,Ministerio de Seguridad,SUBCRIA.RICARDO ROJAS,DEL CASSE 3010,Tigre,3327444456,
"POINT (-58.689888 -34.565241)",Comisaría,Ministerio de Seguridad,CRIA.SAN MIGUEL 2DA,SAN MARTIN E/ ENTRE RIOS Y O'HIGGINS,San Miguel,01146660333/7412,COMISARIO SALVATIERRA WALTER ADRIAN
"POINT (-58.690079 -34.695996)",Comisaría,Ministerio de Seguridad,CRIA.MERLO 4TA,MORETTI Y COLOMBIA,Merlo,0220-4941214/4947870/4970499,SUBCOMISARIO ROSA ALBERTO MIGUEL
"POINT (-58.69302 -34.41139)",Comisaría,Ministerio de Seguridad,CRIA.TIGRE 4TA,ROCA NRO. 2446,Tigre,3327481200/2164/5905,COMISARIO PERALTA LOPEZ JUAN MARCOS
"POINT (-58.696325 -34.667101)",Comisaría,Ministerio de Seguridad,CRIA.MERLO 2DA,DIRECTORIO NRO. 236,Merlo,0220-4832222/4828888,SUBCOMISARIO ALT EDUARDO ADRIAN
"POINT (-58.704725 -34.490298)",Comisaría,Ministerio de Seguridad,CRIA.MALVINAS ARGENTINAS 3RA,EJERCITO DE LOS ANDES E/ RANCAGUA Y LOS ANDES,Malvinas Argentinas,02320480260/6191,
"POINT (-58.70514 -34.64741)",Comisaría,Ministerio de Seguridad,CRIA.ITUZAINGO 4TA,PRINGLES Y PORTUGAL,Ituzaingó,44813299/46210006,COMISARIO BENITEZ EDGARDO GASTON
"POINT (-58.717059 -34.541258)",Comisaría,Ministerio de Seguridad,CRIA.SAN MIGUEL 1RA,"ALEM, L. N. E/ ESPANA Y GUEMES",San Miguel,01146649333/4494,COMISARIO DI DIO LEAL JORGE MARCELO
"POINT (-58.72454611 -34.77249165)",Comisaría,Ministerio de Seguridad,SUBCRIA.20 DE JUNIO,URIEN Y CASTAÑEDA,La Matanza,02202-4920091/4920091,SUBCOMISARIO PARODI CESAR ABRAHAM
"POINT (-58.725271 -34.670448)",Comisaría,Ministerio de Seguridad,CRIA.MERLO 1RA,AV. DEL LIBERTADOR NRO. 368,Merlo,0220-4820028/1113,SUBCOMISARIO RODRIGUEZ DOMINGO GASTON
"POINT (-58.730342 -34.418474)",Comisaría,Ministerio de Seguridad,CRIA.ESCOBAR 3RA,PERNA 1151,Escobar,03488471333/472502,COMISARIO MANRIQUE WALTER ROQUE ALFREDO
"POINT (-58.731751 -34.686649)",Comisaría,Ministerio de Seguridad,CRIA.MERLO 3RA,SAN MARTIN E/ MURRAY Y BALBASTRO,Merlo,0220-4808744/6011,SUBCOMISARIO CORREA JUAN EDUARDO
"POINT (-58.735721 -34.640665)",Comisaría,Ministerio de Seguridad,CRIA.MORENO 3RA,ZAPIOLA E/ DASTUGUE Y 25 DE MAYO,Moreno,02374636155/4624398,COMISARIO LUNA NICASIO LEONARDO
"POINT (-58.737456 -34.38944)",Comisaría,Ministerio de Seguridad,CRIA.ESCOBAR 2DA,FALUCHO1346,Escobar,03488441014/443502,SUBCOMISARIO SOTOMAKADO MARIO JAVIER
"POINT (-58.744985 -34.705837)",Comisaría,Ministerio de Seguridad,SUBCRIA.BARRIO MATERA,ALEM Y ARREDONDO,Merlo,2204804242/2204806888/2204808727,COMISARIO RAMOS RAUL JAVIER
"POINT (-58.747684 -34.561703)",Comisaría,Ministerio de Seguridad,CRIA.SAN MIGUEL 3RA,IRIGOYN NRO. 4480,San Miguel,01144557771/72,COMISARIO CABRERA GUSTAVO GABRIEL
"POINT (-58.750882 -34.582627)",Comisaría,Ministerio de Seguridad,CRIA.MORENO 2DA,"AV. CERVANTES E/ J. GONZALES Y GALVEZ, M",Moreno,02374813461/4813171,SUBCOMISARIO DRESSEL ERNESTO OSVALDO
"POINT (-58.752694 -34.522666)",Comisaría,Ministerio de Seguridad,CRIA.JOSE C.PAZ 1RA,"ALTUBE, JOSE E/ GELLY Y OBES Y SAENZ PENA",José C. Paz,02320422583/2111/2211,COMISARIO CACERES SERGIO ALEJANDRO
"POINT (-58.7536743 -35.04988787)",Comisaría,Ministerio de Seguridad,EST.POL.COM.CAÑUELAS 2º M.PAZ,CELEDONIO PEREDA 440 E/ SAN EDUARDO Y SAN MARTIN,Cañuelas,2274421119,COMISARIO KOWALCZUK JULIO CESAR
"POINT (-58.759861 -34.659301)",Comisaría,Ministerio de Seguridad,CRIA.MORENO 5TA,BVARD. ALCORTA E/ LAS BARRANCAS Y EL PESCADOR,Moreno,0237463 6251/463 6246 ,COMISARIO SAUCEDO CESAR ALEJANDRO
"POINT (-58.7602534 -35.05454592)",Comisaría,Ministerio de Seguridad,EST.POL.COM.CAÑUELAS 1º,LIBERTAD 738,Cañuelas,2226492293/2226421028/2226421390/2226432826,COMISARIO NEGRETE JUAN RODOLFO
"POINT (-58.761441 -34.469578)",Comisaría,Ministerio de Seguridad,CRIA.MALVINAS ARGENTINAS 4TA,JUAN DOMINGO PERON - SANTA INES,Malvinas Argentinas,02320491011/7901/5000,SUBCOMISARIO ANDRADA JUAN CARLOS
"POINT (-58.768729 -34.611075)",Comisaría,Ministerio de Seguridad,CRIA.MORENO 8VA,RUTA NAC 23 Y ARROYO CATONAS,Moreno,02374814756/4815205,COMISARIO PIAGETTI CRISTIAN HERNAN
"POINT (-58.770981 -34.407727)",Comisaría,Ministerio de Seguridad,CRIA.ESCOBAR 4TA,BELLIERA Y RUTA 26,Escobar,03488441602/03488-481802,COMISARIO DONADIO EDUARDO MARIO
"POINT (-58.77607337 -34.45855237)",Comisaría,Ministerio de Seguridad,CRIA.PILAR 4TA,SNATA RITA Y PAILLETTE,Pilar,2320471700/479899/479898/473111,COMISARIO ABBATE JAVIER ELIAS
"POINT (-58.776546 -34.510453)",Comisaría,Ministerio de Seguridad,CRIA.JOSE C.PAZ 2DA,"BUTLER, FRAY G. E/ 11 DE SETIEMBRE Y UGARTECHE",José C. Paz,02320466661/467199,COMISARIO CHEREY ROBERTO CARLOS
"POINT (-58.78264326 -34.4406442)",Comisaría,Ministerio de Seguridad,CRIA.PILAR 7MA,RUTA 26 Y PANAMERICANA,Pilar,2320471111/2320401105,SUBCOMISARIO OLIVIERI ALEJANDRO DANIEL
"POINT (-58.78892215 -34.53077321)",Comisaría,Ministerio de Seguridad,CRIA.JOSE C.PAZ 3RA,POTOSI ENTRE BOLIVAR Y CARABOBO,José C. Paz,02320421922/446002,
"POINT (-58.79102673 -38.16920472)",Comisaría,Ministerio de Seguridad,EST.POL.COM.LOBERIA,SARMIENTO 450,Lobería,2261442213/2261443527/02261-498058,SUBCOMISARIO JAKIMCZUK CRISTIAN BASILIO
"POINT (-58.79501665 -34.45684316)",Comisaría,Ministerio de Seguridad,CRIA.PILAR 3RA,ROSALIA CASTRO Y GIMENEZ,Pilar,2320479812/11/5104/470111/02320-475101,SUBCOMISARIO VISBEEK HECTOR GABRIEL
"POINT (-58.799064 -34.35148)",Comisaría,Ministerio de Seguridad,CRIA.ESCOBAR 1RA,EUGENIA TAPIA DE CRUZ Y ALBERDI,Escobar,03488420024/420394,COMISARIO SPEN ADRIAN ALBERTO
"POINT (-58.805231 -35.439656)",Comisaría,Ministerio de Seguridad,EST.POL.COM.S.MIGUEL DEL MONTE,ZENON VIDELA DORNA 630,Monte,2271420111/2271420543,SUBCOMISARIO MICUCCI JULIO FRANCO
"POINT (-58.812857 -34.547427)",Comisaría,Ministerio de Seguridad,CRIA.MORENO 4TA,RUTA 24 E/ ALLENDE Y GUTEMBERG,Moreno,02320452696/453 697,COMISARIO LOVERA JORGE
"POINT (-58.829319 -34.640472)",Comisaría,Ministerio de Seguridad,CRIA.MORENO 7MA,RUBEN DARIO NRO. 72,Moreno,0237466 6945/462 8186,COMISARIO DIAZ EDUARDO RAMON
"POINT (-58.838997 -34.780354)",Comisaría,Ministerio de Seguridad,EST.POL.COM.MARCOS PAZ,MITRE 247,Marcos Paz,2204771111/2204772544/2204770276,SUBCOMISARIO GOMEZ SERGIO HERNAN
"POINT (-58.84312232 -34.49102902)",Comisaría,Ministerio de Seguridad,CRIA.PILAR 2DA,AVE DE MAYO Y DORREGO,Pilar,2304485514,COMISARIO AGUIRRE JOSE ISMAEL
"POINT (-58.84959298 -37.79236693)",Comisaría,Ministerio de Seguridad,,IRIGOYEN Y MITRE,Lobería,2261498058,
"POINT (-58.855519 -34.633713)",Comisaría,Ministerio de Seguridad,CRIA.MORENO 6TA,N ALVAREZ Y MANAGUA,Moreno,02374873125/4874169,SUBCOMISARIO ALEGRE DARIO GABRIEL
"POINT (-58.86864918 -34.41695674)",Comisaría,Ministerio de Seguridad,CRIA.PILAR 6TA,LAMAS Y PELLEGRINI,Pilar,02304495101/ 495113,COMISARIO MAIDANA RAFAEL ALBERTO
"POINT (-58.87330817 -34.45052343)",Comisaría,Ministerio de Seguridad,CRIA.PILAR 5TA,BELIERA n° 1159 E/ AMBROSETTI Y VICENTE LOPEZ,Pilar,02304481966/4481999,COMISARIO QUIROGA PABLO ENRIQUE
"POINT (-58.947458 -34.928792)",Comisaría,Ministerio de Seguridad,EST.POL.COM.GRAL.LAS HERAS,LAS HERAS  1051,General Las Heras,02204761111/21115,COMISARIO RODRIGUEZ ALDO MARTIN
"POINT (-58.953608 -34.606882)",Comisaría,Ministerio de Seguridad,CRIA.GRAL.RODRIGUEZ 1RA,ESPAÑA Y 2 DE ABRIL,General Rodríguez,02374840000/3398/4852222,COMISARIO ZALAZAR ANTONIO MIGUEL
"POINT (-58.961502 -34.163267)",Comisaría,Ministerio de Seguridad,CRIA.CAMPANA,RAWSON 372,Campana,03489422025 / 422534,COMISARIO PUJOL PABLO FERNANDO RAMON
"POINT (-59.02366201 -34.09496192)",Comisaría,Ministerio de Seguridad,CRIA.ZARATE 1RA,RIVADAVIA 637,Zárate,3487426050/3487422222/3487422666,COMISARIO ERRECALDE ARTURO OSCAR
"POINT (-59.07696189 -34.49268328)",Comisaría,Ministerio de Seguridad,CRIA.LUJAN 3RA.OPEN DOOR,SANTA FE Y CORRIENTES,Luján,2323496188,SUBCOMISARIO CHAMORRO GABRIEL FRANCISCO
"POINT (-59.086011 -36.776098)",Comisaría,Ministerio de Seguridad,EST.POL.COM.RAUCH,BELGRANO 191,Rauch,02297-442063,SUBCOMISARIO CRISTECHE LUIS ALBERTO
"POINT (-59.09014446 -35.14966733)",Comisaría,Ministerio de Seguridad,EST.POL.COM.LOBOS II,SAN PATRCIO Y SAN MARTIN,Lobos,2227423027/2227422121,
"POINT (-59.10052013 -35.1858823)",Comisaría,Ministerio de Seguridad,EST.POL.COM.LOBOS I,SALGADO Y ESTRADA,Lobos,2227423731/2227424344/2227421313,
"POINT (-59.100609 -35.185862)",Comisaría,Ministerio de Seguridad,EST.POL.COM.LOBOS,SALGADO Y ESTRADA,Lobos,02227-15-618318,SUBCOMISARIO BUSTOS MARIANO ISMAEL
"POINT (-59.101424 -36.019213)",Comisaría,Ministerio de Seguridad,EST.POL.COM.LAS FLORES,MORENO Y AROSTEGUY,Las Flores,02244-452500,COMISARIO GUILLEN SEBASTIAN EZEQUIEL
"POINT (-59.103141 -34.290004)",Comisaría,Ministerio de Seguridad,,URCELAY Y PADRE FAHY,Exaltación de la Cruz,02323491333/491929,
"POINT (-59.11358285 -37.29562029)",Comisaría,Ministerio de Seguridad,CRIA.TANDIL 4TA,INDEPENDENCIA 1932,Tandil,02249-4432968,SUBCOMISARIO FRESCO DARIO DANIEL
"POINT (-59.118075 -34.567516)",Comisaría,Ministerio de Seguridad,CRIA.LUJAN 1RA,LAS HERAS 387,Luján,2323421409/2323424641/2323424672/2323421111,COMISARIO GONZALEZ RUBEN
"POINT (-59.13450907 -37.31668076)",Comisaría,Ministerio de Seguridad,CRIA.TANDIL 2DA,COLON 1274,Tandil,02293-423289/ 424202,COMISARIO AYALA OSCAR VICENTE
"POINT (-59.135456 -37.331092)",Comisaría,Ministerio de Seguridad,CRIA.TANDIL 1RA,INDEPENDENCIA 263,Tandil,02293-425210 226662,COMISARIO YAÑEZ CARLOS MAURICIO
"POINT (-59.13904 -37.303197)",Comisaría,Ministerio de Seguridad,CRIA.TANDIL 3RA,BEIRO 640,Tandil,02293-431146/420697,COMISARIO FERNANDEZ REINALDO EZEQUIEL
"POINT (-59.19158226 -34.60331019)",Comisaría,Ministerio de Seguridad,CRIA.LUJAN 2DA,LUIS GONZAGA 184,Luján,02323497220/7790,COMISARIO REBOTTARO GUILLERMO RAUL
"POINT (-59.19436636 -35.07681089)",Comisaría,Ministerio de Seguridad,SUBEST.POL.COM.LAS CHACRAS,PARAJE CHACRAS,Lobos,02257-15581008,COMISARIO QUINTANA DANIEL OSCAR
"POINT (-59.19772364 -34.04605964)",Comisaría,Ministerio de Seguridad,CRIA.ZARATE 2DA,CALLE 12 NRO 642,Zárate,3487480111/3487481189,COMISARIO VERA TOMAS DANIEL
"POINT (-59.28394726 -35.01273211)",Comisaría,Ministerio de Seguridad,EST.POL.COM.NAVARRO,MITRE N° 180,Navarro,02272-430249,COMISARIO TELLO JOSE ANTONIO
"POINT (-59.333038 -35.398722)",Comisaría,Ministerio de Seguridad,EST.POL.COM.ROQUE PEREZ,AVELLANEDA Y BELGRANO,Roque Pérez,02227-491013/14,COMISARIO LOPEZ JUAN MANUEL
"POINT (-59.436391 -34.649816)",Comisaría,Ministerio de Seguridad,EST.POL.COM.MERCEDES,CALLE 37 E/ 24 Y 26,Mercedes,02324-424516,COMISARIO DEL PORTO ALEJANDRO DANIEL
"POINT (-59.446845 -34.445249)",Comisaría,Ministerio de Seguridad,EST.POL.COM.S.A.DE GILES,25 DE MAYO 860,San Andrés de Giles,2325442222/2325442187,SUBCOMISARIO FAIN JUAN DOMINGO
"POINT (-59.511051 -33.81006)",Comisaría,Ministerio de Seguridad,EST.POL.COM.BARADERO,GORRITI Y GALLO,Baradero,03329-480115 / 480756,SUBCOMISARIO MENDEZ MARIO HUMBERTO
"POINT (-59.606663 -38.345138)",Comisaría,Ministerio de Seguridad,EST.POL.COM.SAN CAYETANO,SAN MARTIN 459,San Cayetano,2983470113,SUBCOMISARIO TISERA NICOLAS JORGE ALBERTO
"POINT (-59.671876 -33.685799)",Comisaría,Ministerio de Seguridad,CRIA.SAN PEDRO,MITRE 1970,San Pedro,03329-425221/425788,
"POINT (-59.686919 -34.768069)",Comisaría,Ministerio de Seguridad,EST.POL.COM.SUIPACHA,SAN MARTIN 347,Suipacha,02324-481313,COMISARIO LASALA EZEQUIEL RAMON
"POINT (-59.773672 -35.269225)",Comisaría,Ministerio de Seguridad,CRIA.25 DE MAYO 2DA,GUEMES Y VARGAS,Veinticinco de Mayo,02343-440091/440113,SUBCOMISARIO PICHIRILO SEBASTIAN OSCAR
"POINT (-59.778178 -35.639799)",Comisaría,Ministerio de Seguridad,CRIA.SALADILLO,A TOLEDO 3164,Saladillo,02344-453105,COMISARIO BARROS WALTER NELSON
"POINT (-59.794464 -34.171493)",Comisaría,Ministerio de Seguridad,EST.POL.COM.CAPITAN SARMIENTO,LOPEZ Y PLANES 586,Capitán Sarmiento,2478483152/2478481255,SUBCOMISARIO VARELA SEBASTIAN FERMIN
"POINT (-59.804058 -37.675781)",Comisaría,Ministerio de Seguridad,EST.POL.COM.BENITO JUAREZ,BELGRANO Y OTAMENDI,Benito Juárez,2292452222/2292454268,COMISARIO SUAREZ WALTER ALEJANDRO
"POINT (-59.82224102 -34.37694127)",Comisaría,Ministerio de Seguridad,EST.POL.COM.CARMEN DE ARECO,SAAVEDRA 727,Carmen de Areco,2273443312,SUBCOMISARIO ULLUA CARLOS JOAQUIN
"POINT (-59.823447 -34.376166)",Comisaría,Ministerio de Seguridad,EST.POL.COM.SAN A.DE ARECO,SAAVECRE 727,Carmen de Areco,,SUBCOMISARIO COLUCCIO MARCOS EMILIANO
"POINT (-59.866664 -36.77314)",Comisaría,Ministerio de Seguridad,CRIA.AZUL 1RA,LAS FLORES Y BELGRANO,Azul,02281-431474/431368,SUBCOMISARIO PAUL MIGUEL ALFREDO
"POINT (-59.87074962 -36.77636129)",Comisaría,Ministerio de Seguridad,SUBCRIA.CHILLAR,ROCA 179,Azul,2281497111,SUBCOMISARIO BORDON LUCAS ALBERTO
"POINT (-59.87827115 -36.79432572)",Comisaría,Ministerio de Seguridad,SUBCRIA.CACHARI,25 DE MAYO 1740,Azul,2281481111,SUBCOMISARIO DELMAS AMBROSIO LUIS
"POINT (-59.994914 -34.917793)",Comisaría,Ministerio de Seguridad,SUBEST.POL.COM.O.I.GARELLI,AVE MITRE Y 110,Chivilcoy,2346428636,SUBCOMISARIO FERNANDEZ ESTEBAN FRANCISCO 
"POINT (-60.006723 -33.48474)",Comisaría,Ministerio de Seguridad,CRIA.RAMALLO 1RA,BELGRANO 651,Ramallo, O3407-421333/422551,COMISARIO ACEVEDO JUAN CRUZ
"POINT (-60.00927638 -33.47973263)",Comisaría,Ministerio de Seguridad,CRIA.RAMALLO 2DA,VELAZQUEZ 847,Ramallo,03407-488333/489552,SUBCOMISARIO PONCE CRISTIAN GUSTAVO
"POINT (-60.01286 -34.888694)",Comisaría,Ministerio de Seguridad,,HUMBERTO PRIMO Y PUEYRREDON,Chivilcoy,02346-424067,
"POINT (-60.019383 -34.898565)",Comisaría,Ministerio de Seguridad,EST.POL.COM.CHIVILCOY,SAN MARTIN 75,Chivilcoy,02346-422016,COMISARIO IRRAZABAL SERGIO FABIAN
"POINT (-60.02473196 -36.35375192)",Comisaría,Ministerio de Seguridad,EST.POL.COM.TAPALQUE,MAXIMO GOMEZ Y RIVADAVIA,Tapalqué,02283-420211/420761,COMISARIO PENSADO CARLOS GUILLERMO
"POINT (-60.06907858 -38.85891465)",Comisaría,Ministerio de Seguridad,EST.POL.COM.TRES ARROYOS 2DA,CALLE 13 E/ 32 Y 34,Tres Arroyos,2982480015,SUBCOMISARIO AGUIRRE RETA NELSON RAUL
"POINT (-60.07994647 -35.1648599)",Comisaría,Ministerio de Seguridad,SUBCRIA.GOBERNADOR UGARTE,SAN MARTIN Y TUCUMAN,Veinticinco de Mayo,2346493037,SUBCOMISARIO GAYONE DIEGO ALFONSO
"POINT (-60.098421 -38.033874)",Comisaría,Ministerio de Seguridad,EST.POL.COM.GONZALEZ CHAVES,GRAL PAZ Y SARMIENTO,Adolfo Gonzales Chaves,02983481297/1360,SUBCOMISARIO ALVEZ JORGE ALBERTO
"POINT (-60.1088426 -34.06897066)",Comisaría,Ministerio de Seguridad,CRIA.ARRECIFES,SAAVEDRA 226,Arrecifes,2478452521/2478452559,COMISARIO VERON CARLOS MIGUEL
"POINT (-60.15624436 -36.93748148)",Comisaría,Ministerio de Seguridad,SUBCRIA.SIERRAS BAYAS,SAN MARTIN E/ BIAGGI Y ALFONSO AUST,Olavarría,2284492120,COMISARIO LEMMA DIEGO ANDRES
"POINT (-60.15878266 -36.8653294)",Comisaría,Ministerio de Seguridad,SUBCRIA.HINOJO,CROTTO E/ CALLE 11 Y LIBERTAD,Olavarría,2284491004,SUBCOMISARIO SPARAINO EMILIANO JOSE
"POINT (-60.16481339 -35.43424063)",Comisaría,Ministerio de Seguridad,SUBCRIA.PEDERNALES,SAN MARTIN Y ALCORTA,Veinticinco de Mayo,02343-498433,SUBCOMISARIO LOPARDO GERMAN ESTEBAN
"POINT (-60.170958 -35.433527)",Comisaría,Ministerio de Seguridad,CRIA.25 DE MAYO 1RA,9 E/ 26 Y 27,Veinticinco de Mayo,02345-465432,SUBCOMISARIO IBARRA GUEVARA MAXIMILIANO E.
"POINT (-60.175767 -33.38625)",Comisaría,Ministerio de Seguridad,CRIA.SAN NICOLAS 2DA,AVE CENTRAL 2715,San Nicolás,03461-462626/ 462431,SUBCOMISARIO VILLANUEVA JUAN PABLO
"POINT (-60.214185 -33.330345)",Comisaría,Ministerio de Seguridad,CRIA.SAN NICOLAS 1RA,RIVADAVIA 71,San Nicolás,03461-423126/ 425373,
"POINT (-60.22686736 -33.34025865)",Comisaría,Ministerio de Seguridad,EST.POL.COM.GRAL.CONESA,BARTOLOME MITRE 660,San Nicolás,02252-491099/234,SUBCOMISARIO IBARRA ESTEBAN ALFREDO
"POINT (-60.231678 -33.317318)",Comisaría,Ministerio de Seguridad,CRIA.SAN NICOLAS 3RA,ILIA 690,San Nicolás,03461-429597/451520,SUBCOMISARIO STORCH CARLOS GERMAN
"POINT (-60.27476078 -38.37921564)",Comisaría,Ministerio de Seguridad,SUBCRIA.ORENSE,HIPOLITO YRIGOYEN Y BROWN,Tres Arroyos,2982420059,
"POINT (-60.282605 -35.029371)",Comisaría,Ministerio de Seguridad,EST.POL.COM.ALBERTI,ALEM Y CHACABUCO,Alberti,02346-471337,COMISARIO PENACCA ROBERTO MARCELO
"POINT (-60.313847 -36.900909)",Comisaría,Ministerio de Seguridad,CRIA.OLAVARRIA 2DA,SAN MARTIN 3648,Olavarría,02284-427189,SUBCOMISARIO AMERI GABRIEL ALDO MARCELO
"POINT (-60.324619 -36.890674)",Comisaría,Ministerio de Seguridad,CRIA.OLAVARRIA 1RA,BELGRANO 2439,Olavarría,02284-423968,COMISARIO GONZALEZ ORDOSGOYTY CLAUDIO ANIBAL
"POINT (-60.45916679 -34.64934721)",Comisaría,Ministerio de Seguridad,,LE VALLE Y ALSINA,Chacabuco,2364492034,
"POINT (-60.45916679 -34.64934721)",Comisaría,Ministerio de Seguridad,SUBEST.POL.COM.O´HIGGINS,LEVALLE Y ALSINA,Chacabuco,2364492034,SUBCOMISARIO CABELLA CLAUDIO NORBERTO
"POINT (-60.469823 -34.640622)",Comisaría,Ministerio de Seguridad,,SAN JUAN 25,Chacabuco,2352431120/2352431166/2352428629,
"POINT (-60.48796254 -35.10501602)",Comisaría,Ministerio de Seguridad,SUBEST.POL.COM.O´BRIEN,25 DE MAYO 37,Bragado,2342498046,
"POINT (-60.52077618 -35.10333966)",Comisaría,Ministerio de Seguridad,EST.POL.COM.BRAGADO,BELGRANO Y VEGA,Bragado,02342-430121,SUBCOMISARIO DELLAVALLE ANALIA SILVINA
"POINT (-60.571167 -33.881879)",Comisaría,Ministerio de Seguridad,CRIA.PERGAMINO 3RA,MERLINO Y PARAGUAY,Pergamino,02477-425645/ 426675,SUBCOMISARIO COLAS CHRISTIAN ARIEL
"POINT (-60.574622 -33.896449)",Comisaría,Ministerio de Seguridad,CRIA.PERGAMINO 1RA,DORREGO 636,Pergamino,02477-423013/424775,COMISARIO RODRIGUEZ MARIANO LUIS
"POINT (-60.580593 -33.907096)",Comisaría,Ministerio de Seguridad,CRIA.PERGAMINO 2DA,JUAN B JUSTO 1986,Pergamino,02477-426584/426194/,COMISARIO PRECIADO JUANA MARISEL
"POINT (-60.7356 -34.200593)",Comisaría,Ministerio de Seguridad,EST.POL.COM.ROJAS,ALEM 637,Rojas,02475-463008 / 463364,COMISARIO INSPECTOR GOMEZ CRISTIAN RUBEN
"POINT (-60.7939864 -37.54601741)",Comisaría,Ministerio de Seguridad,EST.POL.COM.LAPRIDA,PELLEGRINI 1480,Laprida,2285420598/2285421300/02285-421943,COMISARIO RODRIGUEZ BRUNO DARIO
"POINT (-60.88803394 -35.44580899)",Comisaría,Ministerio de Seguridad,EST.POL.COM.NUEVE DE JULIO,ROBBIO 945,Nueve de Julio,2317432600/2317423452/2317422010,COMISARIO FIGUEROA ERICA MARCELA
"POINT (-60.943054 -34.590991)",Comisaría,Ministerio de Seguridad,CRIA.JUNIN 2DA,GANDINI 165,Junín,02362-422636,SUBCOMISARIO GIGLIOTTI RICARDO LUIS
"POINT (-60.94696 -34.575737)",Comisaría,Ministerio de Seguridad,CRIA.JUNIN 1RA,DORREGO Y SIRIA,Junín,02362-443344,COMISARIO BERTARINI JOSE LUIS
"POINT (-61.038919 -35.001781)",Comisaría,Ministerio de Seguridad,EST.POL.COM.GRAL.VIAMONTE,ITALIA 802,General Viamonte,2358442202,SUBCOMISARIO FERNANDEZ MARCELO FABIAN
"POINT (-61.097342 -33.897044)",Comisaría,Ministerio de Seguridad,EST.POL.COM.COLON,18 Y 51,Colón,02473-431003 /422222,COMISARIO CEPEDA MARIO ALEJANDRO
"POINT (-61.112343 -36.231003)",Comisaría,Ministerio de Seguridad,CRIA.BOLIVAR,ARENALES 56,Bolivar,02314-420495/420496,COMISARIO FLORES ROLANDO HORACIO
"POINT (-61.12242131 -36.2299876)",Comisaría,Ministerio de Seguridad,SUBCRIA.URDAMPILLETA,SAAVEDRA 447,Bolivar,2314491012,SUBCOMISARIO REOS LUCIANO SEBASTIAN
"POINT (-61.13190032 -34.1245625)",Comisaría,Ministerio de Seguridad,SUBEST.POL.COM.FERRE,BUENOS AIRES  157,General Arenales,2353498103,OFICIAL PRINCIPAL SANTILLAN GUILLERMO OMAR
"POINT (-61.269201 -37.254608)",Comisaría,Ministerio de Seguridad,EST.POL.COM.GRAL.LAMADRID,SARMIENTO 321,General La Madrid,2286420101,SUBCOMISARIO CIMINO JORGE FEDERICO
"POINT (-61.287081 -38.718395)",Comisaría,Ministerio de Seguridad,CRIA.CORONEL DORREGO,RUBEN ALVAREZ (FUERTES) 544,Coronel Dorrego,02921452311 / 3311,SUBCOMISARIO MEDINA JOSE MARIA
"POINT (-61.291117 -38.981366)",Comisaría,Ministerio de Seguridad,EST.POL.COM.MONTE HERMOSO,SAN MARTIN Y MENDOZA,Monte Hermoso,2921481066/2921482314/2921482293,COMISARIO ALMAZA JORGE HORACIO
"POINT (-61.29521427 -38.72051775)",Comisaría,Ministerio de Seguridad,SUBCRIA.ORIENTE,SARMIENTO 557,Coronel Dorrego,2983495007/2983495401,OFICIAL PRINCIPAL ALMAZA HUGO ALBERTO
"POINT (-61.305901 -34.304878)",Comisaría,Ministerio de Seguridad,EST.POL.COM.GRAL.ARENALES,9 DE JULIO 90,General Arenales,2353460062/2353460213/2353461130,SUBCOMISARIO LUGANO LUIS OSMAR
"POINT (-61.349266 -37.984178)",Comisaría,Ministerio de Seguridad,EST.POL.COM.CORONEL PRINGLES,CABRERA Y ALEM n° 498,Coronel Pringles,2922462115/2922462061,SUBCOMISARIO LUCERO ALEXIS LUCIANO
"POINT (-61.526699 -34.867043)",Comisaría,Ministerio de Seguridad,CRIA.LINCOLN,ALEM 859,Lincoln,02355-430535-02355,COMISARIO SARCO MARIANO JESUS
"POINT (-61.539955 -34.500029)",Comisaría,Ministerio de Seguridad,CRIA.VEDIA,ALEM 273 - LEANDRO N ALEM,Leandro N. Alem,02354--420442,COMISARIO BURDIZ ROBERTO CARLOS
"POINT (-61.715983 -36.298034)",Comisaría,Ministerio de Seguridad,EST.POL.COM.HENDERSON,ESPANA 639,Hipólito Yrigoyen,2314452335/2314452055,COMISARIO MANZINI CARLOS AMERICO
"POINT (-61.744888 -36.598746)",Comisaría,Ministerio de Seguridad,CRIA.MUJER Y FLIA.DAIREAUX,PELLEGRINI 388,Daireaux,02316 452621,SUBCOMISARIO DURISOTTI HERNAN DIEGO
"POINT (-61.7457109 -36.5992839)",Comisaría,Ministerio de Seguridad,EST.POL.COM.DAIREAUX,PELLEGRINI 398,Daireaux,,SUBCOMISARIO CUFRE CARLOS ARIEL
"POINT (-61.891133 -34.765572)",Comisaría,Ministerio de Seguridad,EST.POL.COM.GRAL.PINTO,MITRE 402 - GENERAL PINTO,General Pinto,02356-420013,COMISARIO LAVASELLI RENATO MAXIMILIANO
"POINT (-61.897473 -35.809539)",Comisaría,Ministerio de Seguridad,EST.POL.COM.PEHUAJO,DEL VALLE 550,Pehuajó,02396-477002,COMISARIO ARVIZU CESAR LUIS
"POINT (-61.92112044 -37.50892192)",Comisaría,Ministerio de Seguridad,EST.POL.COM.CNEL.SUAREZ 3RA.,DOS ALEMANAS Y PRINGLES,Coronel Suárez,2926431540,COMISARIO CAROLA HECTOR ALBERTO
"POINT (-61.939116 -37.456748)",Comisaría,Ministerio de Seguridad,EST.POL.COM.CORONEL SUAREZ,RIVAS Y LAS HERAS,Coronel Suárez,2922462115/2922462061,SUBCOMISARIO GONZALEZ MAURICIO ANTONIO
"POINT (-61.94421308 -37.06451349)",Comisaría,Ministerio de Seguridad,EST.POL.COM.CORONEL SUAREZ 2DA,GAHAN Y FUNDADORES,Coronel Suárez,2933432235,SUBCOMISARIO ULLMANN FACUNDO ALBERTO
"POINT (-61.97212222 -35.14651682)",Comisaría,Ministerio de Seguridad,SUBCRIA.ROBERTS,DUGGAN 1680,Lincoln,2355498001,SUBCOMISARIO JAUREGUI CARLOS ALBERTO
"POINT (-62.074267 -38.879599)",Comisaría,Ministerio de Seguridad,EST.POL.COM.PUNTA ALTA,MURATURE Y RIVADAVIA - CORONEL DE MARINA LEONARDO ROSALES ,Coronel Rosales,02932421444/424389,COMISARIO CHEPPI GUSTAVO DAVID
"POINT (-62.07448631 -38.87856762)",Comisaría,Ministerio de Seguridad,,MURATURE 572,Coronel Rosales,2932424389/2932424389/2932427933,
"POINT (-62.221731 -38.10066)",Comisaría,Ministerio de Seguridad,EST.POL.COM.TORNQUIST,AVE SARMIENTO  72,Tornquist,0291-4941071/4940981,COMISARIO PEREZ DANIEL ALEJANDRO
"POINT (-62.247531 -38.729379)",Comisaría,Ministerio de Seguridad,CRIA.BAHIA BLANCA 4TA,GARIBALDI 262,Bahía Blanca,0291-48208216/4816498,SUBCOMISARIO OBECHAKA JOSE LUIS
"POINT (-62.263251 -38.727284)",Comisaría,Ministerio de Seguridad,CRIA.BAHIA BLANCA 1RA,BERUTTI 650,Bahía Blanca,0291-4551902,COMISARIO SAINT GERMAIN ORLANDO ANIBAL
"POINT (-62.266329 -38.782878)",Comisaría,Ministerio de Seguridad,CRIA.BAHIA BLANCA 3RA,SAN MARTIN 3611,Bahía Blanca,0291-4550038/551,COMISARIO TROVATO RODRIGO FABIAN
"POINT (-62.277856 -38.720583)",Comisaría,Ministerio de Seguridad,CRIA.BAHIA BLANCA 2DA,ROCA 557,Bahía Blanca,0291-4556745/6643,COMISARIO MANSILLA ANDRES EMIR
"POINT (-62.302151 -38.715919)",Comisaría,Ministerio de Seguridad,CRIA.BAHIA BLANCA 5TA,DON BOSCO 1800,Bahía Blanca,0291-4552984/4555300,COMISARIO AVELDAÑO SERGIO GUSTAVO
"POINT (-62.391999 -38.723403)",Comisaría,Ministerio de Seguridad,SUBCRIA.GRAL.CERRI,ROQUE PEÑA 372,Bahía Blanca,2914846033,SUBCOMISARIO CAMPETELLI HUGO ALFREDO
"POINT (-62.40705595 -37.60568016)",Comisaría,Ministerio de Seguridad,CRIA.SAAVEDRA 1RA PIGUE,URQUIZA 276,Saavedra,02923-472103/475814,COMISARIO LARREA DIEGO MIGUEL
"POINT (-62.40863271 -37.60627971)",Comisaría,Ministerio de Seguridad,CRIA.SAAVEDRA 2DA,SAN MARTIN 494,Saavedra,02923-497110,SUBCOMISARIO UTHURRALT MARTIN EMILIO
"POINT (-62.41286 -37.011088)",Comisaría,Ministerio de Seguridad,EST.POL.COM.GUAMINI 1RA,ROJAS 480,Guaminí,2929430148/2929432014/2929430025,SUBCOMISARIO PEÑAS MARTIN DARIO
"POINT (-62.419349 -35.390383)",Comisaría,Ministerio de Seguridad,EST.POL.COM.CARLOS TEJEDOR,SAN MARTIN 176,Carlos Tejedor,2357421020/2357420425,COMISARIO MANAGO LUIS DARIO
"POINT (-62.467982 -34.844756)",Comisaría,Ministerio de Seguridad,EST.POL.COM.AMEGHINO,VIOLANTE 317 - FLORENTINO AMEGHINO,Florentino Ameghino,03388-471002,COMISARIO VILLARINO NESTOR DAVID
"POINT (-62.54448519 -36.27904958)",Comisaría,Ministerio de Seguridad,SUBCRIA.30 DE AGOSTO,GRAL PAZ 165,Trenque Lauquen,2392471383,SUBCOMISARIO GAMBIER MARIA JOSE
"POINT (-62.67754841 -39.50300689)",Comisaría,Ministerio de Seguridad,EST.POL.COM.VILLARINO 2DA,3 N° 1648,Villarino,2928420120,COMISARIO NAVARRETE MARCOS
"POINT (-62.68742883 -38.83117013)",Comisaría,Ministerio de Seguridad,,COUSTE 720,Villarino,,
"POINT (-62.693911 -38.830855)",Comisaría,Ministerio de Seguridad,EST.POL.COM.VILLARINO 1RA,MITRE 696,Villarino,2927432202,COMISARIO TOARMINA ARIEL ALBERTO SEBASTIAN
"POINT (-62.734187 -35.974388)",Comisaría,Ministerio de Seguridad,CRIA.TRENQUE LAUQUEN,ROCA 572,Trenque Lauquen,02392-422213/431100,COMISARIO ARREGUI MARCO ANTONIO
"POINT (-62.762692 -37.17927)",Comisaría,Ministerio de Seguridad,EST.POL.COM.ADOLFO ALSINA,PELLEGRINI 1151,Adolfo Alsina,2936430519,COMISARIO LOBATO ERIK MARTIN
"POINT (-62.76696854 -37.54882171)",Comisaría,Ministerio de Seguridad,EST.POL.COM.PUAN 2DA,ESPANA 58,Puan,2924420010,SUBCOMISARIO GONZALEZ GASTON ALBERTO
"POINT (-62.767793 -37.548264)",Comisaría,Ministerio de Seguridad,EST.POL.COM.PUAN,SAN MARTIN 651,Puan,2923498614/2923498688,
"POINT (-62.861734 -36.459391)",Comisaría,Ministerio de Seguridad,CRIA.TRES LOMAS,RIVADAVIA 165,Tres Lomas,02394-420040/420444,COMISARIO ROYG MATIAS IVAN
"POINT (-62.95666392 -40.79367314)",Comisaría,Ministerio de Seguridad,SUBEST.POL.COM.C.PATAGONES,COMODORO RIVADAVIA 574 ,Patagones,2920463885/2920464037,
"POINT (-62.960758 -36.751386)",Comisaría,Ministerio de Seguridad,CRIA.SALLIQUELO,9 DE JULIO 372,Salliqueló,02394-480013/480035,SUBCOMISARIO D'AGOSTINO CRISTIAN ARIEL
"POINT (-62.975199 -35.489831)",Comisaría,Ministerio de Seguridad,CRIA.RIVADAVIA,CACHAU 72,Rivadavia,02337-454030/453002,SUBCOMISARIO ORELLANO GUILLERMO GASTON
"POINT (-62.98268 -40.794427)",Comisaría,Ministerio de Seguridad,EST.POL.COM.C.DE PATAGONES,RIVADAVIA 574,Patagones,2920463885/2920464037,COMISARIO ROMERO MIGUEL ANTONIO
"POINT (-63.015308 -35.033453)",Comisaría,Ministerio de Seguridad,EST.POL.COM.GRAL.VILLEGAS,MORENO 728,General Villegas,3388423826/3388421015/3388421994,COMISARIO COLAREDA CESAR ABEL
"POINT (-63.16575 -36.268347)",Comisaría,Ministerio de Seguridad,CRIA.CARLOS PELLEGRINI,MORENO 392,Pellegrini,2392498113/2392498135,COMISARIO BASELLI HERNAN LUIS
